Data Source,World Development Indicators,,,,,,,,,,,,,,,,,,,,,,,,,,,,,,,,,,,,,,,,,,,,,,,,,,,,,,,,,,,,,,,,,,,,
,,,,,,,,,,,,,,,,,,,,,,,,,,,,,,,,,,,,,,,,,,,,,,,,,,,,,,,,,,,,,,,,,,,,,
Last Updated Date,4/8/2026,,,,,,,,,,,,,,,,,,,,,,,,,,,,,,,,,,,,,,,,,,,,,,,,,,,,,,,,,,,,,,,,,,,,
,,,,,,,,,,,,,,,,,,,,,,,,,,,,,,,,,,,,,,,,,,,,,,,,,,,,,,,,,,,,,,,,,,,,,
Country Name,Country Code,Indicator Name,Indicator Code,1960,1961,1962,1963,1964,1965,1966,1967,1968,1969,1970,1971,1972,1973,1974,1975,1976,1977,1978,1979,1980,1981,1982,1983,1984,1985,1986,1987,1988,1989,1990,1991,1992,1993,1994,1995,1996,1997,1998,1999,2000,2001,2002,2003,2004,2005,2006,2007,2008,2009,2010,2011,2012,2013,2014,2015,2016,2017,2018,2019,2020,2021,2022,2023,2024,2025
Aruba,ABW,ICT goods imports (% total goods imports),TM.VAL.ICTG.ZS.UN,,,,,,,,,,,,,,,,,,,,,,,,,,,,,,,,,,,,,,,,,,,,,,,,,,4.84,4.76,4.63,4.42,5.27,5.24,5.73,4.92,4.83,5.21,4.18,5.4,4.23,,,,
Africa Eastern and Southern,AFE,ICT goods imports (% total goods imports),TM.VAL.ICTG.ZS.UN,,,,,,,,,,,,,,,,,,,,,,,,,,,,,,,,,,,,,,,,,8.682103714,8.129353173,7.835015557,7.55511418,8.152093992,8.396117536,7.67755344,6.684625145,6.358179808,6.629145925,6.837665208,5.791328263,5.364924514,5.467116564,5.578908219,6.181869738,5.937758563,5.415113441,5.166184977,5.338798033,5.482121702,5.345388776,5.207496515,,,
Afghanistan,AFG,ICT goods imports (% total goods imports),TM.VAL.ICTG.ZS.UN,,,,,,,,,,,,,,,,,,,,,,,,,,,,,,,,,,,,,,,,,,,,,,,,,0.49,0.34,0.37,0.33,0.15,0,0.09,0.16,0.26,0.39,0.19,2.07,,,,,,
Africa Western and Central,AFW,ICT goods imports (% total goods imports),TM.VAL.ICTG.ZS.UN,,,,,,,,,,,,,,,,,,,,,,,,,,,,,,,,,,,,,,,,,2.881020694,3.155992794,3.347493242,4.06605578,,,4.993674968,3.64406273,5.831592885,4.697691425,4.722044926,3.410970537,3.797213765,2.865245227,2.99480683,3.279452478,3.439845778,2.955291855,2.798597916,3.192660323,2.937871035,,,,,
Angola,AGO,ICT goods imports (% total goods imports),TM.VAL.ICTG.ZS.UN,,,,,,,,,,,,,,,,,,,,,,,,,,,,,,,,,,,,,,,,,,,,,,,,4.51,,3,3.02,3.75,3.8,3.01,2.84,2.87,2.3,2.45,2.52,2.87,2.85,4.14,3.3,,,
Albania,ALB,ICT goods imports (% total goods imports),TM.VAL.ICTG.ZS.UN,,,,,,,,,,,,,,,,,,,,,,,,,,,,,,,,,,,,,,,,,3.33,8.05,4.34,3.17,3.52,3.78,3.51,3.23,3.37,4.79,4.11,3.58,2.97,2.97,1.02,3.58,2.94,1.17,1.86,1.45,2.62,1.79,0.21,,,
Andorra,AND,ICT goods imports (% total goods imports),TM.VAL.ICTG.ZS.UN,,,,,,,,,,,,,,,,,,,,,,,,,,,,,,,,,,,,,,,,,8.81,10.63,11.9,12.22,14.05,,10.48,10.14,7.57,7.58,7.09,6.74,7.36,7.55,6.72,6.73,6.49,6.86,6.28,6.34,5.88,5.96,5.89,,,
Arab World,ARB,ICT goods imports (% total goods imports),TM.VAL.ICTG.ZS.UN,,,,,,,,,,,,,,,,,,,,,,,,,,,,,,,,,,,,,,,,,,,,,,6.592057236,,5.08355931,4.708870445,,,,7.139190835,4.509764411,4.696322547,5.368738245,5.293890082,9.394776566,8.454879377,8.207518041,8.781006965,8.241060279,,,,
United Arab Emirates,ARE,ICT goods imports (% total goods imports),TM.VAL.ICTG.ZS.UN,,,,,,,,,,,,,,,,,,,,,,,,,,,,,,,,,,,,,,,,,,,,,,8.08,,4.96,4.5,,,,10.99,3.3,4.38,4.9,5.54,17.19,13.3,11.99,13.26,12.24,,,,
Argentina,ARG,ICT goods imports (% total goods imports),TM.VAL.ICTG.ZS.UN,,,,,,,,,,,,,,,,,,,,,,,,,,,,,,,,,,,,,,,,,13.81,11.04,3.96,6.96,10.54,11.64,11.7,9.97,8.29,9.66,9.02,8.46,8.31,8.42,7.41,9.51,8.44,8.69,7.57,8.1,9.05,9.09,7.95,,,
Armenia,ARM,ICT goods imports (% total goods imports),TM.VAL.ICTG.ZS.UN,,,,,,,,,,,,,,,,,,,,,,,,,,,,,,,,,,,,,,,,,7.05,3.53,4.17,4.32,3.64,3.6,5.19,5.62,5.41,4.16,4.66,4.19,3.69,2.98,3.51,3.19,4.9,4.13,5.45,5.22,4.92,5.08,9.05,,,
American Samoa,ASM,ICT goods imports (% total goods imports),TM.VAL.ICTG.ZS.UN,,,,,,,,,,,,,,,,,,,,,,,,,,,,,,,,,,,,,,,,,,,,,,,,,,,,,,,,,,,,,,,,,,
Antigua and Barbuda,ATG,ICT goods imports (% total goods imports),TM.VAL.ICTG.ZS.UN,,,,,,,,,,,,,,,,,,,,,,,,,,,,,,,,,,,,,,,,,9.53,,,,,3.91,3.9,7.49,,2.89,3.05,3.8,3.52,2.31,3.83,3.63,3.14,3.08,3.75,3.58,,,,,,
Australia,AUS,ICT goods imports (% total goods imports),TM.VAL.ICTG.ZS.UN,,,,,,,,,,,,,,,,,,,,,,,,,,,,,,,,,,,,,,,,,15.07,13.08,12.06,11.81,12.38,11.41,11.33,10.42,8.92,10.26,10.37,9.83,8.89,8.86,9.18,9.99,10,9.55,10.36,10.35,10.98,10,8.52,,,
Austria,AUT,ICT goods imports (% total goods imports),TM.VAL.ICTG.ZS.UN,,,,,,,,,,,,,,,,,,,,,,,,,,,,,,,,,,,,,,,,,9.22,8.67,8.54,7.79,7.37,7.65,6.93,6.2,5.69,5.97,5.8,4.94,5.14,5.24,5.25,5.41,5.4,5.23,5.26,5.23,5.48,6.82,6.33,,,
Azerbaijan,AZE,ICT goods imports (% total goods imports),TM.VAL.ICTG.ZS.UN,,,,,,,,,,,,,,,,,,,,,,,,,,,,,,,,,,,,,,,,,8.16,5.52,4.38,3.29,3.47,4.61,4.33,3.87,3.53,5.44,3.47,3.46,3.31,2.41,2.97,2.84,2.74,3.75,4.57,3.95,5.86,5.51,4.54,,,
Burundi,BDI,ICT goods imports (% total goods imports),TM.VAL.ICTG.ZS.UN,,,,,,,,,,,,,,,,,,,,,,,,,,,,,,,,,,,,,,,,,10.95,5.01,4.56,3.55,5.14,5.59,2.98,2.03,7.25,10.42,2.36,1.71,1.94,3.36,4.48,7.52,5.95,2.72,4.8,2.43,3.01,2.94,1.91,,,
Belgium,BEL,ICT goods imports (% total goods imports),TM.VAL.ICTG.ZS.UN,,,,,,,,,,,,,,,,,,,,,,,,,,,,,,,,,,,,,,,,,7.23,7.17,5.76,5.48,5.07,4.64,4.15,3.79,3.56,3.87,3.81,3.39,3.2,3.12,3.44,3.84,3.62,3.46,3.21,4.06,4.44,3.65,3.24,,,
Benin,BEN,ICT goods imports (% total goods imports),TM.VAL.ICTG.ZS.UN,,,,,,,,,,,,,,,,,,,,,,,,,,,,,,,,,,,,,,,,,2.83,2.61,1.8,3.37,4.02,2.87,3.2,1.98,3.01,2.85,1.95,2.08,1.48,2.14,1.35,1.84,1.42,1.95,1.89,1.53,2.36,2.51,1.58,,,
Burkina Faso,BFA,ICT goods imports (% total goods imports),TM.VAL.ICTG.ZS.UN,,,,,,,,,,,,,,,,,,,,,,,,,,,,,,,,,,,,,,,,,4.75,2.59,3.74,4.05,5.74,4.45,2.93,3.95,2.28,2.8,2.64,2.91,2.6,1.85,2.36,3.18,2.5,3.58,3.35,2.74,2.65,3.08,,,,
Bangladesh,BGD,ICT goods imports (% total goods imports),TM.VAL.ICTG.ZS.UN,,,,,,,,,,,,,,,,,,,,,,,,,,,,,,,,,,,,,,,,,2.67,3.52,2.3,2.58,3.91,6.15,6.66,5.14,4,3.76,4.05,3.44,3.03,2.93,,3.06,,,,,,,,,,
Bulgaria,BGR,ICT goods imports (% total goods imports),TM.VAL.ICTG.ZS.UN,,,,,,,,,,,,,,,,,,,,,,,,,,,,,,,,,,,,,,,,,4.49,6.14,5.6,5.77,5.17,5.51,5.26,5.39,4.96,5.7,5.64,5.61,6.2,4.71,4.93,5.15,5.37,4.94,5.05,5.24,5.66,5.88,4.8,,,
Bahrain,BHR,ICT goods imports (% total goods imports),TM.VAL.ICTG.ZS.UN,,,,,,,,,,,,,,,,,,,,,,,,,,,,,,,,,,,,,,,,,2.42,3.34,3.12,3.58,2.69,2.09,1.67,1.39,2.17,2.81,2.81,3.34,4.61,3.37,3.77,4.62,4.81,3.94,4.19,3.92,4.37,4.87,3.91,,,
"Bahamas, The",BHS,ICT goods imports (% total goods imports),TM.VAL.ICTG.ZS.UN,,,,,,,,,,,,,,,,,,,,,,,,,,,,,,,,,,,,,,,,,3.34,4.36,3.38,3.48,3.03,3.18,2.94,2.78,2.06,2.45,2.83,2.74,3.89,2.9,3,3.55,3.38,3.64,2.8,2.33,3.01,,,,,
Bosnia and Herzegovina,BIH,ICT goods imports (% total goods imports),TM.VAL.ICTG.ZS.UN,,,,,,,,,,,,,,,,,,,,,,,,,,,,,,,,,,,,,,,,,,,,2.95,3.25,4.17,3.59,3.27,3.61,3.15,2.89,2.57,2.68,2.8,2.93,3.02,2.96,2.62,2.64,2.83,3.05,2.69,2.39,,,
Belarus,BLR,ICT goods imports (% total goods imports),TM.VAL.ICTG.ZS.UN,,,,,,,,,,,,,,,,,,,,,,,,,,,,,,,,,,,,,,,,,2.21,2.06,2.25,2.32,2.33,2.4,2.61,2.17,2.01,1.85,2.43,1.71,2.44,3.62,3.17,2.88,3.25,3.27,3.61,3.7,3.91,3.61,,,,
Belize,BLZ,ICT goods imports (% total goods imports),TM.VAL.ICTG.ZS.UN,,,,,,,,,,,,,,,,,,,,,,,,,,,,,,,,,,,,,,,,,4.04,3.2,3.11,3.1,4.04,4.46,2.42,2.32,4.27,2.27,3.12,2.39,3.72,2.91,3.06,3.45,4.96,3.12,3.57,3.13,2.86,2.68,2.6,,,
Bermuda,BMU,ICT goods imports (% total goods imports),TM.VAL.ICTG.ZS.UN,,,,,,,,,,,,,,,,,,,,,,,,,,,,,,,,,,,,,,,,,,,,,,,,,,,3.39,3.21,3.56,2.87,3.35,3.21,3.21,3.6,3,2.02,2.55,2.83,2.4,,,
Bolivia,BOL,ICT goods imports (% total goods imports),TM.VAL.ICTG.ZS.UN,,,,,,,,,,,,,,,,,,,,,,,,,,,,,,,,,,,,,,,,,6.84,6.8,4.64,3.29,4.21,3.87,3.6,3.82,3.4,3.59,3.46,3.43,3.43,3.15,3.75,4.34,4.28,4.11,4.29,4.5,3.31,3.14,2.49,,,
Brazil,BRA,ICT goods imports (% total goods imports),TM.VAL.ICTG.ZS.UN,,,,,,,,,,,,,,,,,,,,,,,,,,,,,,,,,,,,,,,,,13.11,11.72,9.4,9.75,10.7,11.74,12.1,9.8,9.07,9.24,9.33,8.74,8.69,8.5,8.64,8.22,8.21,9.57,8.66,8.69,9.79,8.98,6.13,,,
Barbados,BRB,ICT goods imports (% total goods imports),TM.VAL.ICTG.ZS.UN,,,,,,,,,,,,,,,,,,,,,,,,,,,,,,,,,,,,,,,,,8.16,7.77,8,9.2,10.82,7.85,7.72,9.92,5.57,6.38,6.13,5.03,4.43,5.43,5.37,5.45,5.33,4.52,3.7,3.08,4.85,5.58,3.88,,,
Brunei Darussalam,BRN,ICT goods imports (% total goods imports),TM.VAL.ICTG.ZS.UN,,,,,,,,,,,,,,,,,,,,,,,,,,,,,,,,,,,,,,,,,,5.74,4.41,7.31,4.62,,6.06,6.27,5.36,4.71,5,4.33,4.12,4.87,4.92,4.48,4.42,3.29,2.99,2.09,3.97,1.78,1.53,,,
Bhutan,BTN,ICT goods imports (% total goods imports),TM.VAL.ICTG.ZS.UN,,,,,,,,,,,,,,,,,,,,,,,,,,,,,,,,,,,,,,,,,,,,,,5.29,4.71,4.82,4.04,5.38,2.49,2.38,2.38,,,,,,,,,,,,,
Botswana,BWA,ICT goods imports (% total goods imports),TM.VAL.ICTG.ZS.UN,,,,,,,,,,,,,,,,,,,,,,,,,,,,,,,,,,,,,,,,,5.37,4.9,5.73,5.85,4.96,4.75,4.31,4.46,3.42,4.6,3.17,1.86,1.82,1.19,2.27,2.3,2.65,2.99,2.98,2.93,2.98,2.27,2.5,,,
Central African Republic,CAF,ICT goods imports (% total goods imports),TM.VAL.ICTG.ZS.UN,,,,,,,,,,,,,,,,,,,,,,,,,,,,,,,,,,,,,,,,,1.95,2.33,2.94,2.39,2,2.44,0.01,7.95,7.68,6.79,7.67,5.9,7.04,5.26,6.62,6.6,8.24,4.07,3.87,5.08,5.91,,,,,
Canada,CAN,ICT goods imports (% total goods imports),TM.VAL.ICTG.ZS.UN,,,,,,,,,,,,,,,,,,,,,,,,,,,,,,,,,,,,,,,,,13.09,10.93,9.57,9.04,9.33,9.07,8.76,8.3,7.94,8.42,8.43,7.99,7.32,7.3,6.88,7.12,7.08,7.23,7.23,7.15,7.71,7.43,6.75,,,
Central Europe and the Baltics,CEB,ICT goods imports (% total goods imports),TM.VAL.ICTG.ZS.UN,,,,,,,,,,,,,,,,,,,,,,,,,,,,,,,,,,,,,,,,,9.884980788,10.08383109,9.860140939,9.618069112,9.882415879,9.631157789,10.23583226,10.60177295,10.37025133,11.78150749,12.61496531,10.57665871,10.3216763,10.20964509,10.14857426,10.88092967,10.40070116,10.59656865,10.38474461,10.64298051,11.90493093,10.7518845,9.06518727,,,
Switzerland,CHE,ICT goods imports (% total goods imports),TM.VAL.ICTG.ZS.UN,,,,,,,,,,,,,,,,,,,,,,,,,,,,,,,,,,,,,,,,,9.849798026,8.586642233,7.620406713,7.325024546,7.325828601,7.405696645,6.438702247,5.908034928,5.646244455,5.721011189,5.875497626,5.585439531,3.654112254,3.495190737,4.081822068,4.136980411,3.662092166,3.912047819,3.906096637,3.845902498,3.77678429,,,,,
Channel Islands,CHI,ICT goods imports (% total goods imports),TM.VAL.ICTG.ZS.UN,,,,,,,,,,,,,,,,,,,,,,,,,,,,,,,,,,,,,,,,,,,,,,,,,,,,,,,,,,,,,,,,,,
Chile,CHL,ICT goods imports (% total goods imports),TM.VAL.ICTG.ZS.UN,,,,,,,,,,,,,,,,,,,,,,,,,,,,,,,,,,,,,,,,,10.19,9.1,8.57,7.69,8.22,7.77,8.39,7.35,6.05,7.22,7.8,7.02,7.1,7.48,6.73,8.34,8.8,8.42,8,7.59,8.92,8.98,5.5,,,
China,CHN,ICT goods imports (% total goods imports),TM.VAL.ICTG.ZS.UN,,,,,,,,,,,,,,,,,,,,,,,,,,,,,,,,,,,,,,,,,20.19,21.01,23.17,24.05,23.82,25.28,26.07,24.55,21.19,21.9,20.4,18,19.56,20.55,19.71,23.35,23.76,22.72,22.67,22.41,24.95,23.71,22.14,,,
Cote d'Ivoire,CIV,ICT goods imports (% total goods imports),TM.VAL.ICTG.ZS.UN,,,,,,,,,,,,,,,,,,,,,,,,,,,,,,,,,,,,,,,,,3.84,2.89,2.87,3.13,3.61,3.75,4.09,3.86,3.53,3.96,3.33,3.08,2.48,2.07,2.53,2.21,4.16,3.12,3.19,3.47,2.77,,,,,
Cameroon,CMR,ICT goods imports (% total goods imports),TM.VAL.ICTG.ZS.UN,,,,,,,,,,,,,,,,,,,,,,,,,,,,,,,,,,,,,,,,,2.8,2.75,2.86,4.3,4.21,3.2,2.61,3.49,4.02,3.75,2.56,2.78,2.71,3.65,4.21,3.4,7.6,3.39,4.4,,,,,,,
"Congo, Dem. Rep.",COD,ICT goods imports (% total goods imports),TM.VAL.ICTG.ZS.UN,,,,,,,,,,,,,,,,,,,,,,,,,,,,,,,,,,,,,,,,,,,,,,,,,,,,,,,,2.02,2.01,2.23,1.79,2.11,1.99,2.4,,,,
"Congo, Rep.",COG,ICT goods imports (% total goods imports),TM.VAL.ICTG.ZS.UN,,,,,,,,,,,,,,,,,,,,,,,,,,,,,,,,,,,,,,,,,,,,,,,,1,1.55,0.87,0.89,0.81,0.67,0.59,0.72,0.63,0.57,1.47,1.37,2.25,2.63,1.55,,,,
Colombia,COL,ICT goods imports (% total goods imports),TM.VAL.ICTG.ZS.UN,,,,,,,,,,,,,,,,,,,,,,,,,,,,,,,,,,,,,,,,,9,9.33,9.86,10.89,10.13,13.04,11.92,10.88,10.14,8.81,9.63,8.5,8.97,9.95,10.17,9.33,9.21,9.62,9.9,9.91,10.91,9.62,,,,
Comoros,COM,ICT goods imports (% total goods imports),TM.VAL.ICTG.ZS.UN,,,,,,,,,,,,,,,,,,,,,,,,,,,,,,,,,,,,,,,,,2.4,7.06,6.17,5.18,4.88,2.72,8.01,4.19,2.65,7.03,1.66,1.69,3.94,4.08,1.45,1.64,1.84,1.8,1.88,1.18,2,3.01,,,,
Cabo Verde,CPV,ICT goods imports (% total goods imports),TM.VAL.ICTG.ZS.UN,,,,,,,,,,,,,,,,,,,,,,,,,,,,,,,,,,,,,,,,,6.4,4.5,3.77,3.08,3.76,3.85,3.99,3.07,2.78,3.57,7.55,3.32,3.67,3.89,4.41,4.53,5.07,5.02,3.5,3.04,3.32,,,,,
Costa Rica,CRI,ICT goods imports (% total goods imports),TM.VAL.ICTG.ZS.UN,,,,,,,,,,,,,,,,,,,,,,,,,,,,,,,,,,,,,,,,,16.6,20.28,22.18,23.15,20.53,23.69,24.36,18.2,18.28,17.1,17.72,18.21,18.31,18.47,13.55,9.16,7.2,7.48,7.64,7.53,8.1,7.11,,,,
Caribbean small states,CSS,ICT goods imports (% total goods imports),TM.VAL.ICTG.ZS.UN,,,,,,,,,,,,,,,,,,,,,,,,,,,,,,,,,,,,,,,,,4.351684508,4.447908272,4.727521763,4.271071979,4.256789036,4.205799436,4.557753017,4.036475769,2.98479232,3.290319677,3.372090308,2.983290392,3.248688206,2.725003442,3.187099518,4.078491985,3.242705281,3.493893205,2.706979193,2.630854748,3.106777256,3.062055016,,,,
Cuba,CUB,ICT goods imports (% total goods imports),TM.VAL.ICTG.ZS.UN,,,,,,,,,,,,,,,,,,,,,,,,,,,,,,,,,,,,,,,,,4.44,5.37,5.43,4.85,4.47,2.64,2.05,,,,,,,,,,,,,,,,,,,
Curacao,CUW,ICT goods imports (% total goods imports),TM.VAL.ICTG.ZS.UN,,,,,,,,,,,,,,,,,,,,,,,,,,,,,,,,,,,,,,,,,,,,,,,,,,,,,,,,,,,,,,,,,,
Cayman Islands,CYM,ICT goods imports (% total goods imports),TM.VAL.ICTG.ZS.UN,,,,,,,,,,,,,,,,,,,,,,,,,,,,,,,,,,,,,,,,,,,,,,,,,,,,,,,,,,,,,4.64,4.27,,,,
Cyprus,CYP,ICT goods imports (% total goods imports),TM.VAL.ICTG.ZS.UN,,,,,,,,,,,,,,,,,,,,,,,,,,,,,,,,,,,,,,,,,6.93,6.04,5.72,6.4,7.16,10.78,7.46,5.21,4.66,5.19,4.69,4.56,4.11,4.44,3.61,3.88,3.55,3.44,3.5,4.07,4.54,4.75,3.81,,,
Czechia,CZE,ICT goods imports (% total goods imports),TM.VAL.ICTG.ZS.UN,,,,,,,,,,,,,,,,,,,,,,,,,,,,,,,,,,,,,,,,,9.67,11.01,11.39,12.14,12.21,11.18,13.56,14.74,14.19,15.7,17.79,15.82,14.73,13.72,14.11,15.63,14.24,15.33,16.33,17.39,20.1,16.93,16.72,,,
Germany,DEU,ICT goods imports (% total goods imports),TM.VAL.ICTG.ZS.UN,,,,,,,,,,,,,,,,,,,,,,,,,,,,,,,,,,,,,,,,,11.64,12.49,12.16,11.01,11.27,11.5,10.93,8.86,8.42,8.8,9.54,8,7.84,7.36,7.74,8.44,8.5,8.78,8.55,8.37,8.98,8.53,7.48,,,
Djibouti,DJI,ICT goods imports (% total goods imports),TM.VAL.ICTG.ZS.UN,,,,,,,,,,,,,,,,,,,,,,,,,,,,,,,,,,,,,,,,,,,,,,,,,,5.41,,,,,,,,,,,,,,,,
Dominica,DMA,ICT goods imports (% total goods imports),TM.VAL.ICTG.ZS.UN,,,,,,,,,,,,,,,,,,,,,,,,,,,,,,,,,,,,,,,,,6.71,6.35,6.54,7.96,10.42,8.31,6.74,6.12,3.8,4.95,4.81,,4.31,,,,,,,,,,,,,
Denmark,DNK,ICT goods imports (% total goods imports),TM.VAL.ICTG.ZS.UN,,,,,,,,,,,,,,,,,,,,,,,,,,,,,,,,,,,,,,,,,12.42,11.55,12.74,11.36,10.95,10.29,9.51,8.64,7.2,7.86,7.96,7.89,8.07,7.35,7.22,7.68,7.72,7.57,7.01,7.39,8.42,7.41,6.89,,,
Dominican Republic,DOM,ICT goods imports (% total goods imports),TM.VAL.ICTG.ZS.UN,,,,,,,,,,,,,,,,,,,,,,,,,,,,,,,,,,,,,,,,,,6.02,4.59,3.47,2.64,3.02,3.94,4.3,4.6,4.43,4.76,3.46,3.35,3.79,3.62,3.74,4.21,4.75,4.96,5.12,6.09,4.97,2.87,,,
Algeria,DZA,ICT goods imports (% total goods imports),TM.VAL.ICTG.ZS.UN,,,,,,,,,,,,,,,,,,,,,,,,,,,,,,,,,,,,,,,,,4.3,3.62,4.79,6.77,6.93,7.92,5.88,4.6,4.67,3.72,2.96,3.35,4.03,4.15,5.08,5.38,5.18,4.87,,,,,,,,
East Asia & Pacific (excluding high income),EAP,ICT goods imports (% total goods imports),TM.VAL.ICTG.ZS.UN,,,,,,,,,,,,,,,,,,,,,,,,,,,,,,,,,,,,,,,,,21.37426639,21.67428522,23.59338339,23.18742747,22.684155,23.43299852,23.81131168,22.56762471,19.23413474,20.55498438,19.12789145,16.50411034,18.09645122,18.87764719,18.35612056,21.36988911,21.71153983,21.07461926,20.95052747,20.79215159,23.38876502,22.2671589,21.79871061,,,
Early-demographic dividend,EAR,ICT goods imports (% total goods imports),TM.VAL.ICTG.ZS.UN,,,,,,,,,,,,,,,,,,,,,,,,,,,,,,,,,,,,,,,,,10.37478676,10.32071527,10.20982089,9.941733495,10.38020529,10.2761961,10.16168583,9.134256684,8.654795494,10.1121155,9.473520755,8.209979994,8.330278941,8.463619912,8.623868485,9.504414876,9.537970137,9.110983371,8.935968495,9.307067992,10.37173716,9.266979435,8.324017565,,,
East Asia & Pacific,EAS,ICT goods imports (% total goods imports),TM.VAL.ICTG.ZS.UN,,,,,,,,,,,,,,,,,,,,,,,,,,,,,,,,,,,,,,,,,22.56895499,22.14499276,23.4125205,23.22339269,22.99925,21.57899538,21.65570524,21.83811541,19.38684033,20.94894391,20.25147688,17.93722729,18.67756622,19.04525313,19.49968553,22.34356913,23.10696236,22.9083362,22.76632736,23.01745602,25.72457077,24.89830625,24.1538023,,,
Europe & Central Asia (excluding high income),ECA,ICT goods imports (% total goods imports),TM.VAL.ICTG.ZS.UN,,,,,,,,,,,,,,,,,,,,,,,,,,,,,,,,,,,,,,,,,7.221313986,5.552350416,5.270134051,5.05232513,5.181406109,5.142684883,4.738007143,4.325355776,3.46374349,4.19908639,4.135631404,3.669097301,4.013484741,4.353627741,4.590130218,4.902545514,5.247372674,4.971870887,4.228395991,4.295717369,4.683832382,4.506203425,3.743949652,,,
Europe & Central Asia,ECS,ICT goods imports (% total goods imports),TM.VAL.ICTG.ZS.UN,,,,,,,,,,,,,,,,,,,,,,,,,,,,,,,,,,,,,,,,,11.96987136,11.25227317,10.29483292,9.938715446,10.24539457,10.09971734,9.869402344,8.609771187,7.91895582,7.842570588,8.743940162,7.539832657,7.155020147,7.036744084,7.232961447,7.714556513,7.570281472,7.612220985,7.480057992,7.532310096,8.242848359,7.841766013,6.60474902,,,
Ecuador,ECU,ICT goods imports (% total goods imports),TM.VAL.ICTG.ZS.UN,,,,,,,,,,,,,,,,,,,,,,,,,,,,,,,,,,,,,,,,,5.81,7.89,8.37,10.43,10.83,11.12,7.56,6.79,7.17,6.45,6.29,6.31,6.43,6.64,6.58,5.65,5.62,5.53,5.85,5.73,7.28,5.8,,,,
"Egypt, Arab Rep.",EGY,ICT goods imports (% total goods imports),TM.VAL.ICTG.ZS.UN,,,,,,,,,,,,,,,,,,,,,,,,,,,,,,,,,,,,,,,,,4.17,4.62,4.14,3.87,3.33,4.41,4.21,4.29,3.65,3.2,3.75,3.54,3.43,3.55,4.22,4.47,4.21,4.01,5.07,5.76,3.99,4.85,2.55,,,
Euro area,EMU,ICT goods imports (% total goods imports),TM.VAL.ICTG.ZS.UN,,,,,,,,,,,,,,,,,,,,,,,,,,,,,,,,,,,,,,,,,11.986604,11.56215215,10.47680874,10.21916494,10.49715315,10.37513853,9.853474063,8.568978281,7.895550453,8.124453351,8.572341552,7.337672511,7.009463473,6.825669424,7.048289234,7.514841102,7.510366532,7.561686025,7.323483416,7.450823973,8.118865002,7.579834922,6.270825269,,,
Eritrea,ERI,ICT goods imports (% total goods imports),TM.VAL.ICTG.ZS.UN,,,,,,,,,,,,,,,,,,,,,,,,,,,,,,,,,,,,,,,,,,,,3.02,,,,,,,,,,,,,,,,,,,,,,
Spain,ESP,ICT goods imports (% total goods imports),TM.VAL.ICTG.ZS.UN,,,,,,,,,,,,,,,,,,,,,,,,,,,,,,,,,,,,,,,,,8.58,7.77,7.03,6.89,7.31,7.23,7.34,7.38,7.91,6.46,6.62,5.16,4.57,4.53,4.64,5.05,4.98,5.1,4.96,5.08,5.8,5.28,4.33,,,
Estonia,EST,ICT goods imports (% total goods imports),TM.VAL.ICTG.ZS.UN,,,,,,,,,,,,,,,,,,,,,,,,,,,,,,,,,,,,,,,,,13.05,14.61,10.34,12.26,11.86,13,9.84,6.68,6.23,5.61,9.64,11.43,10.54,10.6,11.5,11.21,11.53,9.4,8.48,7.47,7.67,7.61,6.13,,,
Ethiopia,ETH,ICT goods imports (% total goods imports),TM.VAL.ICTG.ZS.UN,,,,,,,,,,,,,,,,,,,,,,,,,,,,,,,,,,,,,,,,,4.89,4.19,5.38,6.2,8.92,7.02,4.16,6.22,6.91,7.58,8.31,3.72,3.31,2.76,4.97,7.49,5.75,3.83,2.84,3.01,3.65,3.36,,,,
European Union,EUU,ICT goods imports (% total goods imports),TM.VAL.ICTG.ZS.UN,,,,,,,,,,,,,,,,,,,,,,,,,,,,,,,,,,,,,,,,,11.96775766,11.54952187,10.60558155,10.31400307,10.59217176,10.40331474,10.03593511,8.923450128,8.276449377,8.713698479,9.223939326,7.908973274,7.581616936,7.358587677,7.524907963,8.025428318,7.947401284,7.994971378,7.785738725,7.94528574,8.73304758,8.096782729,6.754116506,,,
Fragile and conflict affected situations,FCS,ICT goods imports (% total goods imports),TM.VAL.ICTG.ZS.UN,,,,,,,,,,,,,,,,,,,,,,,,,,,,,,,,,,,,,,,,,,,,,,,,,5.117522775,4.583442259,4.305739122,3.13287037,3.594297703,3.008415125,2.490293064,,,,,,,,,,,
Finland,FIN,ICT goods imports (% total goods imports),TM.VAL.ICTG.ZS.UN,,,,,,,,,,,,,,,,,,,,,,,,,,,,,,,,,,,,,,,,,16.63,15.34,14.43,12.93,12.62,14.29,13.34,12.36,11.05,10.18,8.23,7.13,6.91,5.77,6.24,6.89,7.29,7.07,7.33,7.06,7.09,6.9,5.73,,,
Fiji,FJI,ICT goods imports (% total goods imports),TM.VAL.ICTG.ZS.UN,,,,,,,,,,,,,,,,,,,,,,,,,,,,,,,,,,,,,,,,,,,5.93,4.74,5.06,4.73,4.77,2.92,4.93,4.6,3.87,3.67,4.25,3.66,5.72,4.31,4.82,5.24,4.96,4.88,4.61,5.36,4.13,,,
France,FRA,ICT goods imports (% total goods imports),TM.VAL.ICTG.ZS.UN,,,,,,,,,,,,,,,,,,,,,,,,,,,,,,,,,,,,,,,,,11.85,10.51,9.33,8.76,8.89,8.54,8.74,7.17,6.54,7.07,7.33,6.72,6.25,6.29,6.21,6.67,6.67,6.51,6.14,6.18,6.68,6.45,5.35,,,
Faroe Islands,FRO,ICT goods imports (% total goods imports),TM.VAL.ICTG.ZS.UN,,,,,,,,,,,,,,,,,,,,,,,,,,,,,,,,,,,,,,,,,4.78,4.95,6.05,4.12,5.19,4.29,5.83,4.66,4.7,4.26,,,,,,,,,,,,,,,,
"Micronesia, Fed. Sts.",FSM,ICT goods imports (% total goods imports),TM.VAL.ICTG.ZS.UN,,,,,,,,,,,,,,,,,,,,,,,,,,,,,,,,,,,,,,,,,,,,2.73,2.25,2.77,2.34,5.98,1.97,1.78,2.27,1.3,1.14,1.91,,,,,,,,,,,,
Gabon,GAB,ICT goods imports (% total goods imports),TM.VAL.ICTG.ZS.UN,,,,,,,,,,,,,,,,,,,,,,,,,,,,,,,,,,,,,,,,,6.63,4.55,3.78,5.52,3.91,3.73,4.71,3.74,3.23,3.5,,,,,,,,,,,,,,,,
United Kingdom,GBR,ICT goods imports (% total goods imports),TM.VAL.ICTG.ZS.UN,,,,,,,,,,,,,,,,,,,,,,,,,,,,,,,,,,,,,,,,,18.67,15.63,13.58,12.79,13.23,12.86,13.71,10.12,9.19,4.81,9.49,8.23,7.3,7.86,7.82,8.29,7.63,7.77,8.08,7.57,8.23,7.56,7.26,,,
Georgia,GEO,ICT goods imports (% total goods imports),TM.VAL.ICTG.ZS.UN,,,,,,,,,,,,,,,,,,,,,,,,,,,,,,,,,,,,,,,,,6.11,4.78,5.59,4.21,3.99,4.39,6.04,6.25,6.96,4.63,5.19,4.92,4.8,5.08,5.5,4.79,4.64,5.7,5.07,4.45,4.06,4.84,5.13,,,
Ghana,GHA,ICT goods imports (% total goods imports),TM.VAL.ICTG.ZS.UN,,,,,,,,,,,,,,,,,,,,,,,,,,,,,,,,,,,,,,,,,2.68,2.23,2.29,3.64,,4.81,5.41,4.94,6.37,4.57,7.13,5.71,4.55,3.77,2.86,2.24,2.5,2.51,2.39,2.47,,,,,,
Gibraltar,GIB,ICT goods imports (% total goods imports),TM.VAL.ICTG.ZS.UN,,,,,,,,,,,,,,,,,,,,,,,,,,,,,,,,,,,,,,,,,,,,,,,,,,,,,,,,,,,,,,,,,,
Guinea,GIN,ICT goods imports (% total goods imports),TM.VAL.ICTG.ZS.UN,,,,,,,,,,,,,,,,,,,,,,,,,,,,,,,,,,,,,,,,,1.43,1.64,1.46,,3.58,0.75,2.53,5.49,5.19,,,,,2.82,3.2,0.96,1.63,,,,,,,,,
"Gambia, The",GMB,ICT goods imports (% total goods imports),TM.VAL.ICTG.ZS.UN,,,,,,,,,,,,,,,,,,,,,,,,,,,,,,,,,,,,,,,,,3.11,3.23,3.74,4.44,3.99,4.98,6.4,4.07,4.06,2.91,1.78,1.94,3.03,1.76,2.21,1.13,0.8,0.54,0.58,0.76,1.23,0.87,,,,
Guinea-Bissau,GNB,ICT goods imports (% total goods imports),TM.VAL.ICTG.ZS.UN,,,,,,,,,,,,,,,,,,,,,,,,,,,,,,,,,,,,,,,,,,,,1.6,3.51,1.85,,,,,,,,,,,,,,,,,,,,
Equatorial Guinea,GNQ,ICT goods imports (% total goods imports),TM.VAL.ICTG.ZS.UN,,,,,,,,,,,,,,,,,,,,,,,,,,,,,,,,,,,,,,,,,,,,,,,,,,,,,,,,,,,,,,,,,,
Greece,GRC,ICT goods imports (% total goods imports),TM.VAL.ICTG.ZS.UN,,,,,,,,,,,,,,,,,,,,,,,,,,,,,,,,,,,,,,,,,7.43,6.7,5.81,5.84,6.2,5.74,5.67,5.85,5.03,5.28,4.83,4.79,5.08,3.92,4.17,4.89,4.67,4.34,4.44,4.48,5.6,5.24,3.97,,,
Grenada,GRD,ICT goods imports (% total goods imports),TM.VAL.ICTG.ZS.UN,,,,,,,,,,,,,,,,,,,,,,,,,,,,,,,,,,,,,,,,,6.31,6.39,7.09,9.11,6.09,4.76,5.82,7.18,4.49,4.39,4.48,4.02,3.84,3.61,5.4,4.57,3.44,3.96,5.35,4.54,5.97,5.1,3.51,,,
Greenland,GRL,ICT goods imports (% total goods imports),TM.VAL.ICTG.ZS.UN,,,,,,,,,,,,,,,,,,,,,,,,,,,,,,,,,,,,,,,,,4.99,4.95,6.13,5.1,6.51,5.56,5.71,6.29,5.11,5,6.26,4.03,3.88,3.82,4,3.82,3.19,4.26,3.67,,,,,,,
Guatemala,GTM,ICT goods imports (% total goods imports),TM.VAL.ICTG.ZS.UN,,,,,,,,,,,,,,,,,,,,,,,,,,,,,,,,,,,,,,,,,7.99,6.86,7.03,6.68,7.66,6.03,8.7,6.55,5.85,5.81,6.81,5.99,5.65,5.65,5.87,6.16,6.24,6.41,6.14,6.55,7.1,6.21,5.82,,,
Guam,GUM,ICT goods imports (% total goods imports),TM.VAL.ICTG.ZS.UN,,,,,,,,,,,,,,,,,,,,,,,,,,,,,,,,,,,,,,,,,,,,,,,,,,,,,,,,,,,,,,,,,,
Guyana,GUY,ICT goods imports (% total goods imports),TM.VAL.ICTG.ZS.UN,,,,,,,,,,,,,,,,,,,,,,,,,,,,,,,,,,,,,,,,,3.36,4.04,3.64,2.51,1.94,1.94,3.5,5.88,3.19,2.94,2.91,3.45,5.45,2.29,2.34,3.56,2.87,2.78,2.23,1.37,1.86,1.76,0.96,,,
High income,HIC,ICT goods imports (% total goods imports),TM.VAL.ICTG.ZS.UN,,,,,,,,,,,,,,,,,,,,,,,,,,,,,,,,,,,,,,,,,15.62637713,14.48592395,13.98084967,13.64351567,13.81661492,12.79116362,12.68678966,12.02101983,11.13984777,12.21371623,12.63800785,11.30934136,11.01370061,10.77200268,11.15149096,12.17667931,12.38232005,12.7909435,12.48318816,12.48952841,13.81875775,13.48141342,12.19901558,,,
"Hong Kong SAR, China",HKG,ICT goods imports (% total goods imports),TM.VAL.ICTG.ZS.UN,,,,,,,,,,,,,,,,,,,,,,,,,,,,,,,,,,,,,,,,,27.84,28.35,31.47,33.54,36.28,38.22,40.15,40.43,39.83,42.45,42.76,40.41,40.79,38.76,43.52,47.66,50.31,51.86,53.52,53.67,56.81,57.53,57.16,,,
Honduras,HND,ICT goods imports (% total goods imports),TM.VAL.ICTG.ZS.UN,,,,,,,,,,,,,,,,,,,,,,,,,,,,,,,,,,,,,,,,,4.25,4.05,3.84,5.06,5.55,5.58,6.05,5.9,,6.34,5.87,4.79,5,,5.2,8.36,5.49,5.16,5.18,5.32,4.79,4.99,,,,
Heavily indebted poor countries (HIPC),HPC,ICT goods imports (% total goods imports),TM.VAL.ICTG.ZS.UN,,,,,,,,,,,,,,,,,,,,,,,,,,,,,,,,,,,,,,,,,4.22107099,4.288029663,3.930722248,4.457746611,5.013595486,4.826549415,4.650942453,4.533586397,4.071408188,4.303238381,4.093824292,3.362445418,3.182152756,2.675785723,3.157705152,3.715610051,3.701015235,3.133141219,2.940304284,3.19231617,3.171708669,,,,,
Croatia,HRV,ICT goods imports (% total goods imports),TM.VAL.ICTG.ZS.UN,,,,,,,,,,,,,,,,,,,,,,,,,,,,,,,,,,,,,,,,,5.2,6.58,6.76,6.06,6.07,6.08,6.01,5.72,5.22,5.27,5.52,4.21,4.35,5.36,4.86,5.23,5.05,5.03,4.81,4.89,5.23,4.69,3.55,,,
Haiti,HTI,ICT goods imports (% total goods imports),TM.VAL.ICTG.ZS.UN,,,,,,,,,,,,,,,,,,,,,,,,,,,,,,,,,,,,,,,,,,,,,,,,,,,,,,,,,,,,,,,,,,
Hungary,HUN,ICT goods imports (% total goods imports),TM.VAL.ICTG.ZS.UN,,,,,,,,,,,,,,,,,,,,,,,,,,,,,,,,,,,,,,,,,20.21,20.65,20.31,19.13,21.24,18.75,18.39,19.2,17.47,20.48,21.2,17.48,16.27,15,12.38,12.58,12.52,12.77,12.48,13.75,14.03,13.03,10.01,,,
IBRD only,IBD,ICT goods imports (% total goods imports),TM.VAL.ICTG.ZS.UN,,,,,,,,,,,,,,,,,,,,,,,,,,,,,,,,,,,,,,,,,14.99425706,15.1178232,15.67389503,15.79090135,15.7561622,16.18268962,16.41096472,15.18914244,13.30625708,14.58770107,13.85219259,12.12439576,12.89790251,13.32410225,13.00811719,14.95054123,15.11468809,14.74169818,14.67528843,14.76001858,16.54293659,15.55338472,13.79230753,,,
IDA & IBRD total,IBT,ICT goods imports (% total goods imports),TM.VAL.ICTG.ZS.UN,,,,,,,,,,,,,,,,,,,,,,,,,,,,,,,,,,,,,,,,,14.33928797,14.43023153,14.98122938,15.04128985,15.14359768,15.57303208,15.71340682,14.49003278,12.7476173,13.89379121,13.1633883,11.52361079,12.22979161,12.60335945,12.41801065,14.14142602,14.37731146,13.98217633,13.90759332,14.0045288,15.76812835,14.84443316,13.50798806,,,
IDA total,IDA,ICT goods imports (% total goods imports),TM.VAL.ICTG.ZS.UN,,,,,,,,,,,,,,,,,,,,,,,,,,,,,,,,,,,,,,,,,,3.649382538,3.650036391,4.14660686,,5.354441776,5.444452527,4.583118642,4.799433684,4.342320799,4.21100123,3.350720592,3.440017983,3.031414597,3.468746295,3.9443466,3.987120374,3.563697556,3.108217289,3.509002341,3.93129968,3.512109435,,,,
IDA blend,IDB,ICT goods imports (% total goods imports),TM.VAL.ICTG.ZS.UN,,,,,,,,,,,,,,,,,,,,,,,,,,,,,,,,,,,,,,,,,,,,4.448824956,,,6.240392316,4.53693215,5.908560382,4.469955334,4.689601227,3.30977059,4.114735903,3.518636721,3.818800294,4.132616589,4.30321982,3.751294139,3.277471177,3.783417446,4.30249899,3.764457977,,,,
Indonesia,IDN,ICT goods imports (% total goods imports),TM.VAL.ICTG.ZS.UN,,,,,,,,,,,,,,,,,,,,,,,,,,,,,,,,,,,,,,,,,,,,3.52,3.83,3.6,3.5,4.95,9.06,8.9,8.49,7.41,7.08,7.09,7,7.63,7.97,7.97,7.7,8.06,9.43,8.5,,,,
IDA only,IDX,ICT goods imports (% total goods imports),TM.VAL.ICTG.ZS.UN,,,,,,,,,,,,,,,,,,,,,,,,,,,,,,,,,,,,,,,,,3.659019016,3.658006781,3.412957101,3.949611071,4.471429239,4.971220592,4.930706773,4.614907489,4.029563801,4.259079494,3.930296703,3.37292113,3.086894611,2.733257805,3.252216668,3.837898624,3.774157786,3.425451871,2.976320907,3.310592174,,,,,,
Isle of Man,IMN,ICT goods imports (% total goods imports),TM.VAL.ICTG.ZS.UN,,,,,,,,,,,,,,,,,,,,,,,,,,,,,,,,,,,,,,,,,,,,,,,,,,,,,,,,,,,,,,,,,,
India,IND,ICT goods imports (% total goods imports),TM.VAL.ICTG.ZS.UN,,,,,,,,,,,,,,,,,,,,,,,,,,,,,,,,,,,,,,,,,5.45,5.94,7.04,8.42,8.31,7.64,7.65,7.38,4.09,7.79,6.31,5.97,5.31,5.78,6.31,8.56,9.33,9.72,9.18,9.46,10.81,9.39,7.64,,,
Not classified,INX,ICT goods imports (% total goods imports),TM.VAL.ICTG.ZS.UN,,,,,,,,,,,,,,,,,,,,,,,,,,,,,,,,,,,,,,,,,,,,,,,,,,,,,,,,,,,,,,,,,,
Ireland,IRL,ICT goods imports (% total goods imports),TM.VAL.ICTG.ZS.UN,,,,,,,,,,,,,,,,,,,,,,,,,,,,,,,,,,,,,,,,,33.57,36.38,33.59,24.48,23.66,23.09,22.09,18.59,16.26,12.4,9.55,8.5,7.92,8.08,8.21,8.99,8.09,7.19,8,9.68,9.95,12.67,11.33,,,
"Iran, Islamic Rep.",IRN,ICT goods imports (% total goods imports),TM.VAL.ICTG.ZS.UN,,,,,,,,,,,,,,,,,,,,,,,,,,,,,,,,,,,,,,,,,3.76,5.97,4.74,5.11,4.26,4.57,1.41,,,,3.63,4.6,,6.66,7.03,6.13,6.26,6.37,4.92,,,,,,,
Iraq,IRQ,ICT goods imports (% total goods imports),TM.VAL.ICTG.ZS.UN,,,,,,,,,,,,,,,,,,,,,,,,,,,,,,,,,,,,,,,,,,,,,,,,,,,,,,,0.46,,,,,,,,,,,
Iceland,ISL,ICT goods imports (% total goods imports),TM.VAL.ICTG.ZS.UN,,,,,,,,,,,,,,,,,,,,,,,,,,,,,,,,,,,,,,,,,9.05,7.09,7.14,7.11,6.52,6.38,4.88,5.73,3.95,3.97,4.26,4.37,4.09,4.79,5.12,5.37,5.47,5.51,5.78,6.07,6.23,7.71,5.84,,,
Israel,ISR,ICT goods imports (% total goods imports),TM.VAL.ICTG.ZS.UN,,,,,,,,,,,,,,,,,,,,,,,,,,,,,,,,,,,,,,,,,14.13,11.48,9.85,9.25,10.4,9.75,9.57,8.48,7.85,9.72,9.2,8.73,8.86,8.76,9,11.46,10.88,8.94,8.89,8.78,10.5,10.28,9.27,,,
Italy,ITA,ICT goods imports (% total goods imports),TM.VAL.ICTG.ZS.UN,,,,,,,,,,,,,,,,,,,,,,,,,,,,,,,,,,,,,,,,,9.12,8.35,7.72,7.38,7.87,7.36,6.25,5.42,5.05,6.06,7.73,6.21,5.18,4.81,4.81,5.19,5.18,5.09,4.93,5,5.71,5.21,3.89,,,
Jamaica,JAM,ICT goods imports (% total goods imports),TM.VAL.ICTG.ZS.UN,,,,,,,,,,,,,,,,,,,,,,,,,,,,,,,,,,,,,,,,,5.17,8.11,9.67,7.84,6.58,5.01,5.42,3.01,3.54,3.54,3.88,2.87,2.5,2.58,3.65,4.73,4.48,3.62,3.21,3.17,4.41,3.66,2.67,,,
Jordan,JOR,ICT goods imports (% total goods imports),TM.VAL.ICTG.ZS.UN,,,,,,,,,,,,,,,,,,,,,,,,,,,,,,,,,,,,,,,,,4.53,7.38,5.42,5.51,5.4,6.86,6.41,7.9,6.44,4.64,4.26,4.09,3.63,3.45,3.17,4.4,4.79,4.45,4.74,4.96,4.99,4.28,3.16,,,
Japan,JPN,ICT goods imports (% total goods imports),TM.VAL.ICTG.ZS.UN,,,,,,,,,,,,,,,,,,,,,,,,,,,,,,,,,,,,,,,,,16.19,15.24,14.82,14.51,14.49,13.47,12.38,11.46,9.68,11.36,11.98,10.14,10.24,10.89,11.26,12.79,13.01,13.01,11.94,12.25,14.12,13.08,11.27,,,
Kazakhstan,KAZ,ICT goods imports (% total goods imports),TM.VAL.ICTG.ZS.UN,,,,,,,,,,,,,,,,,,,,,,,,,,,,,,,,,,,,,,,,,0.01,5.06,4.9,5.25,4.29,4.03,3.57,4.04,1.95,2.92,4.97,5.74,5.81,5.96,5.99,4.89,5.2,5.85,5.99,5.63,6.26,8.65,7.53,,,
Kenya,KEN,ICT goods imports (% total goods imports),TM.VAL.ICTG.ZS.UN,,,,,,,,,,,,,,,,,,,,,,,,,,,,,,,,,,,,,,,,,3.3,5.07,5.65,4.6,5.26,4.11,4.99,5.2,5.69,6.29,7.22,,,5.35,,4.17,5.38,4.79,3.82,3.81,4.75,3.59,,,,
Kyrgyz Republic,KGZ,ICT goods imports (% total goods imports),TM.VAL.ICTG.ZS.UN,,,,,,,,,,,,,,,,,,,,,,,,,,,,,,,,,,,,,,,,,3.55,2.8,3.14,3.26,3.47,3.29,6.17,4.6,3.18,2.16,2.71,3.82,2.34,2.21,2.04,2.8,3.13,3.66,3.85,5.33,5.08,3.98,5.03,,,
Cambodia,KHM,ICT goods imports (% total goods imports),TM.VAL.ICTG.ZS.UN,,,,,,,,,,,,,,,,,,,,,,,,,,,,,,,,,,,,,,,,,2.1,1.89,2.28,1.78,1.98,2.32,1.42,2.48,3.5,5.37,2.55,2.12,1.62,1.66,2.77,2.51,2.24,1.62,1.11,1.42,1.7,1.04,,,,
Kiribati,KIR,ICT goods imports (% total goods imports),TM.VAL.ICTG.ZS.UN,,,,,,,,,,,,,,,,,,,,,,,,,,,,,,,,,,,,,,,,,,,,,2.56,1.32,1.8,2.43,1.31,8.14,1.82,2.06,1.5,5,5.32,8.4,5.62,2.23,4.89,,3.85,,,,,
St. Kitts and Nevis,KNA,ICT goods imports (% total goods imports),TM.VAL.ICTG.ZS.UN,,,,,,,,,,,,,,,,,,,,,,,,,,,,,,,,,,,,,,,,,7.76,4.97,5.88,6.4,7.02,8.33,6.78,7.44,4.47,4.34,4.54,5.87,5.2,5.68,6.58,7.32,6.04,5.51,,,,,,,,
"Korea, Rep.",KOR,ICT goods imports (% total goods imports),TM.VAL.ICTG.ZS.UN,,,,,,,,,,,,,,,,,,,,,,,,,,,,,,,,,,,,,,,,,21.59,19.05,19.02,18.65,16.65,15.25,13.87,13.26,11.48,12.95,11.88,10.43,9.79,10.44,11.42,14.67,15.7,15.02,13.97,15.87,17.88,16.35,15.27,,,
Kuwait,KWT,ICT goods imports (% total goods imports),TM.VAL.ICTG.ZS.UN,,,,,,,,,,,,,,,,,,,,,,,,,,,,,,,,,,,,,,,,,5.27,4.75,5.29,4.75,4.37,,4.91,5.03,6.42,,6.6,8,,6.84,7.21,8.23,6.53,8.11,7.17,7.39,7.91,6.87,,,,
Latin America & Caribbean (excluding high income),LAC,ICT goods imports (% total goods imports),TM.VAL.ICTG.ZS.UN,,,,,,,,,,,,,,,,,,,,,,,,,,,,,,,,,,,,,,,,,14.06382636,13.9702069,12.21723527,12.63813518,13.53217005,13.43816672,13.79791122,11.19580521,12.14780134,13.78260898,13.69332172,12.38995426,12.01432198,12.42386927,11.94042775,12.0154872,11.98157224,11.64005131,11.38386399,11.81843122,12.90624314,11.56970783,9.988546044,,,
Lao PDR,LAO,ICT goods imports (% total goods imports),TM.VAL.ICTG.ZS.UN,,,,,,,,,,,,,,,,,,,,,,,,,,,,,,,,,,,,,,,,,,,,,,,,,,,4.55,6.1,3.17,3.29,8.11,10.62,7.36,7.35,9.52,6.05,5.95,3.91,,,,
Lebanon,LBN,ICT goods imports (% total goods imports),TM.VAL.ICTG.ZS.UN,,,,,,,,,,,,,,,,,,,,,,,,,,,,,,,,,,,,,,,,,4.05,4.74,4.38,3.65,3.54,3.26,3.27,3.01,2.59,3.19,2.79,2.34,2.18,3.14,2.52,2.25,2.3,2.34,3.07,2.61,1.92,3.04,5,,,
Liberia,LBR,ICT goods imports (% total goods imports),TM.VAL.ICTG.ZS.UN,,,,,,,,,,,,,,,,,,,,,,,,,,,,,,,,,,,,,,,,,,,,,,,,,,,,,,,,,,,,,,,,,,
Libya,LBY,ICT goods imports (% total goods imports),TM.VAL.ICTG.ZS.UN,,,,,,,,,,,,,,,,,,,,,,,,,,,,,,,,,,,,,,,,,,,,,,,,4.83,4,4.51,3.58,,,,,,3.57,2.98,8.31,5.73,,,,,,
St. Lucia,LCA,ICT goods imports (% total goods imports),TM.VAL.ICTG.ZS.UN,,,,,,,,,,,,,,,,,,,,,,,,,,,,,,,,,,,,,,,,,5.91,5.3,9.59,12.07,5.36,5.52,4.53,4.44,3.85,6.54,4.39,4.6,4.13,2.72,4.5,5.05,4.29,4.84,4.36,4.61,4.59,,,,,
Latin America & Caribbean,LCN,ICT goods imports (% total goods imports),TM.VAL.ICTG.ZS.UN,,,,,,,,,,,,,,,,,,,,,,,,,,,,,,,,,,,,,,,,,13.30037478,13.2196668,11.68437899,11.97927051,12.81567177,12.89708411,13.3280406,10.8551059,11.56968588,12.88271127,12.85078247,11.61275901,11.30479089,11.57760185,11.3064085,11.41606298,11.38245633,11.09804775,10.81618727,11.19598915,12.30908285,11.00200251,9.4016408,,,
Least developed countries: UN classification,LDC,ICT goods imports (% total goods imports),TM.VAL.ICTG.ZS.UN,,,,,,,,,,,,,,,,,,,,,,,,,,,,,,,,,,,,,,,,,,,,,,,,4.620624325,,4.196958068,3.640619368,3.101191289,2.854746065,2.543541768,3.022272143,3.535730916,3.482296281,3.142452572,2.844117322,3.058872802,,,,,,
Low income,LIC,ICT goods imports (% total goods imports),TM.VAL.ICTG.ZS.UN,,,,,,,,,,,,,,,,,,,,,,,,,,,,,,,,,,,,,,,,,,,,,,,,,,,,,2.934794294,,,2.821664489,2.804778145,2.669989701,2.462885215,,,,,,,
Liechtenstein,LIE,ICT goods imports (% total goods imports),TM.VAL.ICTG.ZS.UN,,,,,,,,,,,,,,,,,,,,,,,,,,,,,,,,,,,,,,,,,,,,,,,,,,,,,,,,,,,,,,,,,,
Sri Lanka,LKA,ICT goods imports (% total goods imports),TM.VAL.ICTG.ZS.UN,,,,,,,,,,,,,,,,,,,,,,,,,,,,,,,,,,,,,,,,,4.48,3.5,3.33,4.64,4.17,4.88,5.18,3.84,4.16,3.23,2.95,3.54,3.72,3.78,3.39,4.22,4.95,4.73,,4.64,5.36,6.2,3.01,,,
Lower middle income,LMC,ICT goods imports (% total goods imports),TM.VAL.ICTG.ZS.UN,,,,,,,,,,,,,,,,,,,,,,,,,,,,,,,,,,,,,,,,,7.171821804,7.600664942,8.547323158,8.859325131,9.280339778,9.22576645,9.09856957,8.486377903,6.700557521,8.013101406,7.314184727,6.027610153,7.381783754,7.853659553,8.097762647,9.533551997,10.00886841,10.03960482,9.901761456,10.26325636,11.85288383,10.94575793,,,,
Low & middle income,LMY,ICT goods imports (% total goods imports),TM.VAL.ICTG.ZS.UN,,,,,,,,,,,,,,,,,,,,,,,,,,,,,,,,,,,,,,,,,15.36621057,15.44724881,16.08483999,16.17410065,16.24379356,16.62617706,16.69720255,15.40988304,13.45442753,14.70938775,13.77233622,12.13289002,12.90750818,13.35496736,13.04538675,14.88815401,15.2163844,14.77589589,14.68779803,14.83236034,16.6803314,15.72572927,14.3847057,,,
Lesotho,LSO,ICT goods imports (% total goods imports),TM.VAL.ICTG.ZS.UN,,,,,,,,,,,,,,,,,,,,,,,,,,,,,,,,,,,,,,,,,2.73,1.39,2.8,1.83,1.06,,,,2.73,2.74,5.63,2.08,3,2.86,2.01,2.46,3.27,2.67,3.31,2.98,2.77,2.95,,,,
Late-demographic dividend,LTE,ICT goods imports (% total goods imports),TM.VAL.ICTG.ZS.UN,,,,,,,,,,,,,,,,,,,,,,,,,,,,,,,,,,,,,,,,,16.77690449,16.99987081,17.79404442,18.22752607,17.81859117,18.04106607,19.03969428,16.92748928,14.5132832,16.47204339,15.55334218,13.86520724,14.49354264,14.47477459,14.30908942,16.30510618,16.53577932,17.07957889,16.72597245,16.45474637,18.43301596,17.64417116,16.62647373,,,
Lithuania,LTU,ICT goods imports (% total goods imports),TM.VAL.ICTG.ZS.UN,,,,,,,,,,,,,,,,,,,,,,,,,,,,,,,,,,,,,,,,,4.87,5.59,5.72,5.31,6.1,6.27,6.01,5.8,4.7,3.86,4.12,3.7,3.63,3.61,4.07,5.1,5.5,5.76,4.89,5.08,6.18,5.65,4.7,,,
Luxembourg,LUX,ICT goods imports (% total goods imports),TM.VAL.ICTG.ZS.UN,,,,,,,,,,,,,,,,,,,,,,,,,,,,,,,,,,,,,,,,,11.49,13.4,10.13,8.24,7.67,8.36,6.97,6.08,4.34,5.16,4.93,4.02,4.08,3.77,3.97,4.25,4.41,4.36,4.35,4.18,4.34,3.71,3.25,,,
Latvia,LVA,ICT goods imports (% total goods imports),TM.VAL.ICTG.ZS.UN,,,,,,,,,,,,,,,,,,,,,,,,,,,,,,,,,,,,,,,,,6.56,6.57,6.35,6.05,5.92,5.99,6.29,6.06,6.01,5.64,6.42,5.44,5.96,7.02,8.77,10,9.97,9.25,8.24,8.58,10.8,9,7.24,,,
"Macao SAR, China",MAC,ICT goods imports (% total goods imports),TM.VAL.ICTG.ZS.UN,,,,,,,,,,,,,,,,,,,,,,,,,,,,,,,,,,,,,,,,,1.23,1.57,2.52,4.26,4.78,3.54,3.53,6.05,4.59,4.89,5.08,5.16,5.15,3.8,3.45,13.73,10.83,3.43,2.88,9.33,9.06,15.62,13.26,,,
St. Martin (French part),MAF,ICT goods imports (% total goods imports),TM.VAL.ICTG.ZS.UN,,,,,,,,,,,,,,,,,,,,,,,,,,,,,,,,,,,,,,,,,,,,,,,,,,,,,,,,,,,,,,,,,,
Morocco,MAR,ICT goods imports (% total goods imports),TM.VAL.ICTG.ZS.UN,,,,,,,,,,,,,,,,,,,,,,,,,,,,,,,,,,,,,,,,,10.58,7.54,6.26,6.01,7.26,6.96,6.68,6.09,4.72,5.36,5.87,4.78,3.51,3.61,3.8,4.02,3.94,3.95,3.94,4.03,4.76,4.08,3.64,,,
Monaco,MCO,ICT goods imports (% total goods imports),TM.VAL.ICTG.ZS.UN,,,,,,,,,,,,,,,,,,,,,,,,,,,,,,,,,,,,,,,,,,,,,,,,,,,,,,,,,,,,,,,,,,
Moldova,MDA,ICT goods imports (% total goods imports),TM.VAL.ICTG.ZS.UN,,,,,,,,,,,,,,,,,,,,,,,,,,,,,,,,,,,,,,,,,5.14,3.64,4.21,3.33,3.6,3.63,3.29,3.47,2.41,3.9,3.94,3.45,3.34,3.32,3.1,3.23,3.5,3.87,4.03,4.02,4.65,4.1,3.79,,,
Madagascar,MDG,ICT goods imports (% total goods imports),TM.VAL.ICTG.ZS.UN,,,,,,,,,,,,,,,,,,,,,,,,,,,,,,,,,,,,,,,,,2.89,3.62,2.99,3.74,4.78,4.63,4.14,5.59,4.27,3.58,3.13,2.46,2.38,1.81,2.47,3.29,2.75,2.73,2.71,2.1,2.37,2.71,,,,
Maldives,MDV,ICT goods imports (% total goods imports),TM.VAL.ICTG.ZS.UN,,,,,,,,,,,,,,,,,,,,,,,,,,,,,,,,,,,,,,,,,5.62,5.26,5.92,6.61,6.25,11.21,7.14,6.01,6.17,6.64,6.5,5.85,4.27,5.08,4.37,5.28,4.62,4.53,4.54,4.08,,5.53,,,,
"Middle East, North Africa, Afghanistan & Pakistan",MEA,ICT goods imports (% total goods imports),TM.VAL.ICTG.ZS.UN,,,,,,,,,,,,,,,,,,,,,,,,,,,,,,,,,,,,,,,,,,,,,,6.963882299,,5.527125118,5.012661169,,5.327647982,,7.146824474,4.906177762,5.086714639,5.808474514,5.699136935,9.016715043,8.108366976,8.034719467,8.828955814,8.291029105,,,,
Mexico,MEX,ICT goods imports (% total goods imports),TM.VAL.ICTG.ZS.UN,,,,,,,,,,,,,,,,,,,,,,,,,,,,,,,,,,,,,,,,,17.9,18.91,17.3,17.39,18.41,17.14,17.54,13.51,16.11,19.6,19.23,17.28,16.51,17.11,16.27,16.35,16.43,15.05,15.16,15.83,17.25,15.19,12.97,,,
Marshall Islands,MHL,ICT goods imports (% total goods imports),TM.VAL.ICTG.ZS.UN,,,,,,,,,,,,,,,,,,,,,,,,,,,,,,,,,,,,,,,,,,,,,,,,,,,,,,,,,,,,,,,,,,
Middle income,MIC,ICT goods imports (% total goods imports),TM.VAL.ICTG.ZS.UN,,,,,,,,,,,,,,,,,,,,,,,,,,,,,,,,,,,,,,,,,15.45064105,15.54854711,16.1991666,16.27912577,16.36050799,16.74905133,16.81453013,15.51932507,13.57477566,14.82811491,13.89535544,12.22853719,13.03019251,13.47983048,13.16749689,15.04482651,15.3710488,14.92643899,14.85925592,14.96920574,16.79070904,15.81164891,14.43870024,,,
North Macedonia,MKD,ICT goods imports (% total goods imports),TM.VAL.ICTG.ZS.UN,,,,,,,,,,,,,,,,,,,,,,,,,,,,,,,,,,,,,,,,,3.4,4.15,4.45,5.63,4.21,4.27,4,4.74,4.63,5.77,4.83,3.68,4,4,3.9,3.72,3.72,3.61,3.6,3.58,4.1,4.17,3.81,,,
Mali,MLI,ICT goods imports (% total goods imports),TM.VAL.ICTG.ZS.UN,,,,,,,,,,,,,,,,,,,,,,,,,,,,,,,,,,,,,,,,,3.09,2.95,2.2,3.63,4.67,2.22,4.47,3.61,2.37,,2.57,2.95,3.62,,,,4.29,4.09,3.54,4.83,,,,,,
Malta,MLT,ICT goods imports (% total goods imports),TM.VAL.ICTG.ZS.UN,,,,,,,,,,,,,,,,,,,,,,,,,,,,,,,,,,,,,,,,,42.37,32.6,30.56,31.15,26.78,25.55,28.77,23.2,19.01,14.08,15.43,13,10.88,11.49,6.86,7.45,5.84,6.12,6.55,6.2,9.11,9.23,9.41,,,
Myanmar,MMR,ICT goods imports (% total goods imports),TM.VAL.ICTG.ZS.UN,,,,,,,,,,,,,,,,,,,,,,,,,,,,,,,,,,,,,,,,,,2.49,,,,,,,,,1.43,1.33,1.21,1.2,1.82,3.46,3.08,3.75,2.89,3.08,4.23,2.44,0.78,,,
"Middle East, North Africa, Afghanistan & Pakistan (excluding high income)",MNA,ICT goods imports (% total goods imports),TM.VAL.ICTG.ZS.UN,,,,,,,,,,,,,,,,,,,,,,,,,,,,,,,,,,,,,,,,,,,,5.025271257,5.005150263,5.955055647,5.089953726,5.010072395,4.143823155,3.773618877,3.752890624,3.82609204,3.631350316,4.021934555,3.816043147,4.595921638,4.606616809,4.430276542,4.532178418,,,,,,,
Montenegro,MNE,ICT goods imports (% total goods imports),TM.VAL.ICTG.ZS.UN,,,,,,,,,,,,,,,,,,,,,,,,,,,,,,,,,,,,,,,,,,,,,,,,,1.62,3.64,3.58,3.29,3.02,3.69,4.07,4.72,4.48,4.18,3.89,3.84,4.74,3.58,3.8,,,
Mongolia,MNG,ICT goods imports (% total goods imports),TM.VAL.ICTG.ZS.UN,,,,,,,,,,,,,,,,,,,,,,,,,,,,,,,,,,,,,,,,,4.97,3.9,,4.44,3.92,4.99,5.24,4.22,,,,,,3.46,3.88,5.01,6.45,4.58,4.34,3.47,4.1,4.53,,,,
Northern Mariana Islands,MNP,ICT goods imports (% total goods imports),TM.VAL.ICTG.ZS.UN,,,,,,,,,,,,,,,,,,,,,,,,,,,,,,,,,,,,,,,,,,,,,,,,,,,,,,,,,,,,,,,,,,
Mozambique,MOZ,ICT goods imports (% total goods imports),TM.VAL.ICTG.ZS.UN,,,,,,,,,,,,,,,,,,,,,,,,,,,,,,,,,,,,,,,,,4.25,2.08,3.46,4.23,5.13,4.49,4.58,3.34,3.06,2.81,1.83,1.48,2.25,3.01,3.97,3.27,2.83,2.97,2.74,3.72,2.58,2.52,1.89,,,
Mauritania,MRT,ICT goods imports (% total goods imports),TM.VAL.ICTG.ZS.UN,,,,,,,,,,,,,,,,,,,,,,,,,,,,,,,,,,,,,,,,,3.38,7.56,4.52,1.85,0.95,1.44,1.6,2.14,1.4,1.38,0.94,1.43,1.24,0.71,0.79,0.97,1.58,1.57,0.69,0.76,0.65,0.88,,,,
Mauritius,MUS,ICT goods imports (% total goods imports),TM.VAL.ICTG.ZS.UN,,,,,,,,,,,,,,,,,,,,,,,,,,,,,,,,,,,,,,,,,5.28,4.37,4.24,6.17,5.84,12.77,11.7,5.7,5.51,5.25,5.07,4.35,5.12,5.6,9.7,10.83,7.47,5.42,6.08,5.79,5.35,5.14,4.99,,,
Malawi,MWI,ICT goods imports (% total goods imports),TM.VAL.ICTG.ZS.UN,,,,,,,,,,,,,,,,,,,,,,,,,,,,,,,,,,,,,,,,,3.95,6.64,4.08,3.26,3.53,3.54,3.96,3.49,1.77,5.28,5.15,3.54,3.53,2.15,3.37,3.33,2.51,4.01,3.37,6.34,3.33,4.16,,,,
Malaysia,MYS,ICT goods imports (% total goods imports),TM.VAL.ICTG.ZS.UN,,,,,,,,,,,,,,,,,,,,,,,,,,,,,,,,,,,,,,,,,41.16,39.02,37.93,42.83,39.23,38.04,36.07,33.5,23.36,30.11,29.8,25.62,23.12,22.62,23.08,24.01,24.7,25.22,25.08,24.14,26.83,27.04,,,,
North America,NAC,ICT goods imports (% total goods imports),TM.VAL.ICTG.ZS.UN,,,,,,,,,,,,,,,,,,,,,,,,,,,,,,,,,,,,,,,,,16.94402099,14.58162164,14.01435243,13.29038638,13.41172026,12.92402099,12.72365397,12.09498784,11.22898946,13.46311718,13.30950972,12.07713694,11.94703188,12.07012147,11.92020158,12.73334215,12.96312977,13.17222446,12.59875061,12.02104867,13.3819301,12.96723354,12.00068366,,,
Namibia,NAM,ICT goods imports (% total goods imports),TM.VAL.ICTG.ZS.UN,,,,,,,,,,,,,,,,,,,,,,,,,,,,,,,,,,,,,,,,,6.91,4.87,4.22,5.45,5.46,4.83,6.3,4.79,3.99,4.42,3.59,3.62,3.1,3.51,3.02,2.98,3.08,3.08,2.79,2.32,2.34,2.18,2.46,,,
New Caledonia,NCL,ICT goods imports (% total goods imports),TM.VAL.ICTG.ZS.UN,,,,,,,,,,,,,,,,,,,,,,,,,,,,,,,,,,,,,,,,,5.93,5.32,4.96,4.58,4.88,4.56,4.09,3.34,3.25,4.43,3.29,3.37,3.34,3.59,3.37,2.68,,,,,,,,,,
Niger,NER,ICT goods imports (% total goods imports),TM.VAL.ICTG.ZS.UN,,,,,,,,,,,,,,,,,,,,,,,,,,,,,,,,,,,,,,,,,1.76,2.14,4.63,5.21,1.99,3.23,4.5,3.91,1.39,4.54,1.95,3.73,2.35,2.67,2.86,3.7,4.2,3.4,2.66,3.53,1.55,2.28,1.29,,,
Nigeria,NGA,ICT goods imports (% total goods imports),TM.VAL.ICTG.ZS.UN,,,,,,,,,,,,,,,,,,,,,,,,,,,,,,,,,,,,,,,,,2.46,3.22,4.03,4.76,,,6.28,3.89,9.49,6.68,6.62,3.91,5.54,3.59,3.92,4.7,3.93,3.27,3.08,3.72,3.23,2.76,,,,
Nicaragua,NIC,ICT goods imports (% total goods imports),TM.VAL.ICTG.ZS.UN,,,,,,,,,,,,,,,,,,,,,,,,,,,,,,,,,,,,,,,,,3.59,3.9,5.24,6.64,5.98,6.14,6.55,5.48,4.1,3.89,4.77,4.4,4.43,4.39,5.25,5.53,4.68,3.86,2.69,2.55,2.84,2.53,2.24,,,
Netherlands,NLD,ICT goods imports (% total goods imports),TM.VAL.ICTG.ZS.UN,,,,,,,,,,,,,,,,,,,,,,,,,,,,,,,,,,,,,,,,,20.49,17.9,14.67,18.14,19.59,18.74,17.49,15.37,13,13.66,14.54,12.69,12.49,12.39,12.9,13.08,13.27,13.55,13.19,13.54,14.92,12.8,9.57,,,
Norway,NOR,ICT goods imports (% total goods imports),TM.VAL.ICTG.ZS.UN,,,,,,,,,,,,,,,,,,,,,,,,,,,,,,,,,,,,,,,,,9.84,9.86,9.15,9.05,9.47,8.77,8.53,7.76,7.07,7.67,7.45,6.93,7.08,6.91,6.86,6.62,6.88,6.5,6.67,6.62,6.81,6.72,5.98,,,
Nepal,NPL,ICT goods imports (% total goods imports),TM.VAL.ICTG.ZS.UN,,,,,,,,,,,,,,,,,,,,,,,,,,,,,,,,,,,,,,,,,2.73,,,4.49,,,,,,5.13,6.73,5.27,4.7,3.49,4.74,4.96,5.29,5.29,4.23,4.98,5.12,4.81,,,,
Nauru,NRU,ICT goods imports (% total goods imports),TM.VAL.ICTG.ZS.UN,,,,,,,,,,,,,,,,,,,,,,,,,,,,,,,,,,,,,,,,,,,,,,,,,,,,,,,,,,,,,,,,,,
New Zealand,NZL,ICT goods imports (% total goods imports),TM.VAL.ICTG.ZS.UN,,,,,,,,,,,,,,,,,,,,,,,,,,,,,,,,,,,,,,,,,11.82,10.1,9.45,9.6,9.68,9.59,9.09,8.56,7.74,8.61,8.32,7.86,7.67,7.55,6.9,7.84,7.52,7.57,7.29,7.42,8.21,7.65,6.92,,,
OECD members,OED,ICT goods imports (% total goods imports),TM.VAL.ICTG.ZS.UN,,,,,,,,,,,,,,,,,,,,,,,,,,,,,,,,,,,,,,,,,14.58720278,13.31435264,12.45990998,12.03971288,12.20444301,11.77885643,11.46174328,10.26630797,9.526067042,10.40891087,10.85174584,9.571123894,9.235651916,9.30508226,9.392350179,10.13811627,10.17953572,10.15673056,9.804858369,9.811608469,10.8654876,10.34367967,9.111311904,,,
Oman,OMN,ICT goods imports (% total goods imports),TM.VAL.ICTG.ZS.UN,,,,,,,,,,,,,,,,,,,,,,,,,,,,,,,,,,,,,,,,,2.92,4.62,5.06,,4.6,4.38,2.99,2.81,2.16,2.24,2.4,2.91,2.98,2.38,3.01,3.13,3.66,3.36,4.85,4.44,6.14,4.47,,,,
Other small states,OSS,ICT goods imports (% total goods imports),TM.VAL.ICTG.ZS.UN,,,,,,,,,,,,,,,,,,,,,,,,,,,,,,,,,,,,,,,,,13.69519614,11.87938688,10.18232381,11.34302554,10.42216112,12.38376759,10.61324664,8.009477953,6.704561493,6.122348142,7.369998782,7.367331195,6.754662187,7.235153255,7.232781086,7.481219578,6.939465319,5.986468683,5.85638629,5.504781833,6.209914905,6.212247389,5.58470961,,,
Pakistan,PAK,ICT goods imports (% total goods imports),TM.VAL.ICTG.ZS.UN,,,,,,,,,,,,,,,,,,,,,,,,,,,,,,,,,,,,,,,,,,,,4.47,4.79,8.7,8.6,6.66,5.06,3.07,3.35,3.56,4.36,3.79,4.59,4.9,4.95,4.69,3.93,4.75,6.5,5.53,,,,
Panama,PAN,ICT goods imports (% total goods imports),TM.VAL.ICTG.ZS.UN,,,,,,,,,,,,,,,,,,,,,,,,,,,,,,,,,,,,,,,,,7.57,8.88,8.47,8.48,8.16,9.08,13.19,10.06,11.09,8.46,9.57,7.67,7.45,6.37,6.57,6.41,6.92,7.8,7.24,8.68,11.49,5.17,3.99,,,
Peru,PER,ICT goods imports (% total goods imports),TM.VAL.ICTG.ZS.UN,,,,,,,,,,,,,,,,,,,,,,,,,,,,,,,,,,,,,,,,,8.89,9.3,8.17,8.9,8.76,8.35,8.66,7.1,7.8,7.68,7.5,7.43,7.84,7.85,9,9.58,9.69,8.86,8.31,8.33,9.26,8.77,,,,
Philippines,PHL,ICT goods imports (% total goods imports),TM.VAL.ICTG.ZS.UN,,,,,,,,,,,,,,,,,,,,,,,,,,,,,,,,,,,,,,,,,38.08,42.41,51.48,48.83,48.33,45.81,44.18,42.68,33.7,33.2,31.63,13.16,24.75,23.01,20.89,27.47,23.98,19.76,22.06,21,24.56,21.75,19.37,,,
Palau,PLW,ICT goods imports (% total goods imports),TM.VAL.ICTG.ZS.UN,,,,,,,,,,,,,,,,,,,,,,,,,,,,,,,,,,,,,,,,,,,,,,,,2.89,3.23,5.54,3.33,3.87,2.53,2.53,4.38,5.07,2.93,3.13,3.12,,,,,,,
Papua New Guinea,PNG,ICT goods imports (% total goods imports),TM.VAL.ICTG.ZS.UN,,,,,,,,,,,,,,,,,,,,,,,,,,,,,,,,,,,,,,,,,1.34,2.61,3.75,3.93,3.21,,,,,,,2.92,2.21,,,,,,,,,,,,,
Poland,POL,ICT goods imports (% total goods imports),TM.VAL.ICTG.ZS.UN,,,,,,,,,,,,,,,,,,,,,,,,,,,,,,,,,,,,,,,,,9.35,9.06,8.37,7.74,7.55,8.05,8.73,7.81,8.19,9.39,9.81,7.33,8.2,8.54,8.88,9.79,9.24,9.06,8.52,8.35,10.11,9.33,6.34,,,
Pre-demographic dividend,PRE,ICT goods imports (% total goods imports),TM.VAL.ICTG.ZS.UN,,,,,,,,,,,,,,,,,,,,,,,,,,,,,,,,,,,,,,,,,,,,,,,,,,,,,,2.956737698,2.241655902,3.246940893,3.43878687,2.986657169,2.810967704,,,,,,,
Puerto Rico (US),PRI,ICT goods imports (% total goods imports),TM.VAL.ICTG.ZS.UN,,,,,,,,,,,,,,,,,,,,,,,,,,,,,,,,,,,,,,,,,,,,,,,,,,,,,,,,,,,,,,,,,,
"Korea, Dem. People's Rep.",PRK,ICT goods imports (% total goods imports),TM.VAL.ICTG.ZS.UN,,,,,,,,,,,,,,,,,,,,,,,,,,,,,,,,,,,,,,,,,,,,,,,,,,,,,,,,,,,,,,,,,,
Portugal,PRT,ICT goods imports (% total goods imports),TM.VAL.ICTG.ZS.UN,,,,,,,,,,,,,,,,,,,,,,,,,,,,,,,,,,,,,,,,,7.73,8.63,8.12,8.49,7.33,8.78,8.6,8.16,7.48,6.59,5.7,5.04,5.02,4.7,4.68,4.94,5.51,5.64,5.59,6.14,7.02,6.91,5.59,,,
Paraguay,PRY,ICT goods imports (% total goods imports),TM.VAL.ICTG.ZS.UN,,,,,,,,,,,,,,,,,,,,,,,,,,,,,,,,,,,,,,,,,9.96,8.32,9.38,8.29,9.42,17.48,31.71,27.54,23.22,25.59,27.01,21.56,19.11,17.78,14.55,11.53,15.39,17.77,15.56,20.53,16.21,14.67,13.59,,,
West Bank and Gaza,PSE,ICT goods imports (% total goods imports),TM.VAL.ICTG.ZS.UN,,,,,,,,,,,,,,,,,,,,,,,,,,,,,,,,,,,,,,,,,,,,,,,,2.31,2.21,3.21,2.77,3.12,2.54,2.58,2.62,3.47,3.1,4.36,3.86,4.11,3.9,4.02,,,,
Pacific island small states,PSS,ICT goods imports (% total goods imports),TM.VAL.ICTG.ZS.UN,,,,,,,,,,,,,,,,,,,,,,,,,,,,,,,,,,,,,,,,,,,,4.391928394,4.530289076,4.039408403,4.758084979,3.154714906,4.4369792,4.482045397,3.856176556,3.196684519,3.564510411,3.607692741,5.21830878,4.131494505,4.592232339,4.554427002,4.36822606,,,,,,,
Post-demographic dividend,PST,ICT goods imports (% total goods imports),TM.VAL.ICTG.ZS.UN,,,,,,,,,,,,,,,,,,,,,,,,,,,,,,,,,,,,,,,,,15.99907768,14.69308637,14.12391516,13.88479723,14.17100855,13.05191075,12.8232546,12.36561586,11.44597193,12.31028625,12.83993832,11.44323908,11.13751349,11.06091004,11.42057252,12.46094978,12.69609613,12.82983031,12.57576087,12.58155854,13.87411812,13.56990434,12.48802257,,,
French Polynesia,PYF,ICT goods imports (% total goods imports),TM.VAL.ICTG.ZS.UN,,,,,,,,,,,,,,,,,,,,,,,,,,,,,,,,,,,,,,,,,6.05,5.6,4.82,4.4,5.21,5.07,5.35,4.87,4.76,5.43,6.01,5.64,5.17,5.37,4.95,4.63,4.77,5.05,4.12,4.39,5.25,5.17,4.49,,,
Qatar,QAT,ICT goods imports (% total goods imports),TM.VAL.ICTG.ZS.UN,,,,,,,,,,,,,,,,,,,,,,,,,,,,,,,,,,,,,,,,,4.65,4.84,5.34,2.7,2.32,4.76,4.13,3.34,3.64,,4.28,,5.26,5.57,5.57,5.69,5.44,5.41,4.99,5.62,5.79,6.73,5.02,,,
Romania,ROU,ICT goods imports (% total goods imports),TM.VAL.ICTG.ZS.UN,,,,,,,,,,,,,,,,,,,,,,,,,,,,,,,,,,,,,,,,,9.86,7.36,7.44,7.14,7.03,6.74,6.48,6.39,6.49,8.34,9.3,7.98,6.77,7.06,7.08,7.28,7.35,7.1,7.14,7.09,7.69,7.17,6.96,,,
Russian Federation,RUS,ICT goods imports (% total goods imports),TM.VAL.ICTG.ZS.UN,,,,,,,,,,,,,,,,,,,,,,,,,,,,,,,,,,,,,,,,,3.68,5.1,5.98,5.32,6.42,7.76,8.7,8.6,7.79,7.28,8.53,7.16,7.5,6.84,7.88,9.14,8.4,8.67,9.91,9.36,10.37,9.99,,,,
Rwanda,RWA,ICT goods imports (% total goods imports),TM.VAL.ICTG.ZS.UN,,,,,,,,,,,,,,,,,,,,,,,,,,,,,,,,,,,,,,,,,,9.13,6.49,7.62,6.04,9.28,7.08,7.89,8.04,11.72,7.54,6.29,8.31,6.06,8,8.23,8.16,6.31,7.35,5.25,5.08,5.32,4.03,,,
South Asia,SAS,ICT goods imports (% total goods imports),TM.VAL.ICTG.ZS.UN,,,,,,,,,,,,,,,,,,,,,,,,,,,,,,,,,,,,,,,,,5.119955571,5.613432208,6.445536543,7.672249165,7.725102416,7.398475211,7.448104482,7.016455433,4.093125832,7.191309299,5.966683437,5.623375846,5.019262527,5.404155946,6.145365809,7.81893599,9.048369077,9.402661747,9.076381882,9.148653271,10.47395144,9.15711549,7.427760188,,,
Saudi Arabia,SAU,ICT goods imports (% total goods imports),TM.VAL.ICTG.ZS.UN,,,,,,,,,,,,,,,,,,,,,,,,,,,,,,,,,,,,,,,,,4.15,4.88,5.22,5.66,5.28,6.65,7,6.83,6.47,7.49,7.35,8.18,7.44,7.43,7.45,7.48,6.48,7.7,7.52,7.95,7.97,7.45,,,,
Sudan,SDN,ICT goods imports (% total goods imports),TM.VAL.ICTG.ZS.UN,,,,,,,,,,,,,,,,,,,,,,,,,,,,,,,,,,,,,,,,,,,,,,,,,,,,,3.84,2.37,1.78,2.22,2.26,1.65,1.59,,,,,,,
Senegal,SEN,ICT goods imports (% total goods imports),TM.VAL.ICTG.ZS.UN,,,,,,,,,,,,,,,,,,,,,,,,,,,,,,,,,,,,,,,,,2.83,3.35,3.16,2.95,3.7,3.87,4,3.65,2.92,4.13,3.27,2.68,2.18,2.66,2.77,3.81,4.4,4,3.12,3.25,3.75,2.82,,,,
Singapore,SGP,ICT goods imports (% total goods imports),TM.VAL.ICTG.ZS.UN,,,,,,,,,,,,,,,,,,,,,,,,,,,,,,,,,,,,,,,,,40.81,38.64,38.9,38.87,39.21,11.28,11.26,28.86,26.58,26.59,27.54,23.04,23.04,23.9,23.73,26.98,28.1,27.88,26.61,26.87,32.85,32.88,31.12,,,
Solomon Islands,SLB,ICT goods imports (% total goods imports),TM.VAL.ICTG.ZS.UN,,,,,,,,,,,,,,,,,,,,,,,,,,,,,,,,,,,,,,,,,,,,,,,,,,4.27,,1.9,2.72,3.17,2.14,2.32,3.83,3.47,2.6,,,,,,,
Sierra Leone,SLE,ICT goods imports (% total goods imports),TM.VAL.ICTG.ZS.UN,,,,,,,,,,,,,,,,,,,,,,,,,,,,,,,,,,,,,,,,,0.55,,0.46,,,,,,,,,,,,1.83,4.1,1.61,1.82,2.16,,,,,,,
El Salvador,SLV,ICT goods imports (% total goods imports),TM.VAL.ICTG.ZS.UN,,,,,,,,,,,,,,,,,,,,,,,,,,,,,,,,,,,,,,,,,2.53,1.95,1.77,1.8,1.67,2.12,2.23,4.06,3.08,3.12,5.3,4.95,4.9,4.97,5.11,5.39,5.23,5.08,5.27,5.2,5.3,6.52,5.38,,,
San Marino,SMR,ICT goods imports (% total goods imports),TM.VAL.ICTG.ZS.UN,,,,,,,,,,,,,,,,,,,,,,,,,,,,,,,,,,,,,,,,,,,,,,,,,,,,,,,,,,,,,,,,,,
"Somalia, Fed. Rep.",SOM,ICT goods imports (% total goods imports),TM.VAL.ICTG.ZS.UN,,,,,,,,,,,,,,,,,,,,,,,,,,,,,,,,,,,,,,,,,,,,,,,,,,,,,,,,,,,,,,,,,,
Serbia,SRB,ICT goods imports (% total goods imports),TM.VAL.ICTG.ZS.UN,,,,,,,,,,,,,,,,,,,,,,,,,,,,,,,,,,,,,,,,,,,,,,,,,4.69,4.38,4.22,3.92,3.8,3.72,3.17,3.96,3.42,3.53,3.63,3.82,4.17,4.05,3.5,,,
Sub-Saharan Africa (excluding high income),SSA,ICT goods imports (% total goods imports),TM.VAL.ICTG.ZS.UN,,,,,,,,,,,,,,,,,,,,,,,,,,,,,,,,,,,,,,,,,6.844746898,6.626954622,6.39845748,6.443228913,,7.363554853,6.957549309,5.650133183,6.144367972,5.93911802,6.057411587,5.06657458,4.941215701,4.764294455,4.727835414,5.187992544,5.132616153,4.70427152,4.518537507,4.782632604,4.879195692,4.719791102,,,,
South Sudan,SSD,ICT goods imports (% total goods imports),TM.VAL.ICTG.ZS.UN,,,,,,,,,,,,,,,,,,,,,,,,,,,,,,,,,,,,,,,,,,,,,,,,,,,,,,,,,,,,,,,,,,
Sub-Saharan Africa,SSF,ICT goods imports (% total goods imports),TM.VAL.ICTG.ZS.UN,,,,,,,,,,,,,,,,,,,,,,,,,,,,,,,,,,,,,,,,,6.726179578,6.481435485,6.333457614,6.417672158,7.336498664,7.325495548,6.796095292,5.669490699,6.172194787,6.010945959,6.157844957,4.988237784,4.851167894,4.66221149,4.732477416,5.291303464,5.152922434,4.652642546,4.432304018,4.68800879,4.805865151,4.636637187,,,,
Small states,SST,ICT goods imports (% total goods imports),TM.VAL.ICTG.ZS.UN,,,,,,,,,,,,,,,,,,,,,,,,,,,,,,,,,,,,,,,,,10.63838371,9.565105343,8.4053666,9.001187302,8.395736324,9.55094722,8.587984306,6.627570656,5.57517493,5.255944077,6.082818399,5.93207503,5.617966032,5.795443048,5.99380667,6.367533742,5.786918712,5.222200614,4.906313372,4.664242609,5.26408938,5.402844221,,,,
Sao Tome and Principe,STP,ICT goods imports (% total goods imports),TM.VAL.ICTG.ZS.UN,,,,,,,,,,,,,,,,,,,,,,,,,,,,,,,,,,,,,,,,,0.93,2.82,8.17,4.27,6.01,3.4,4.71,2.96,4.21,5.63,5.83,6.3,3.22,4.22,4.34,4.23,4.06,4.21,4.04,3.77,4.38,4.02,3.37,,,
Suriname,SUR,ICT goods imports (% total goods imports),TM.VAL.ICTG.ZS.UN,,,,,,,,,,,,,,,,,,,,,,,,,,,,,,,,,,,,,,,,,4.32,5.58,5.85,2.95,3.81,3.33,2.25,4.47,3.03,2.5,3.01,2.78,3.11,2.96,4.24,2.41,2.35,3.96,2.05,2.02,1.46,2.02,2.05,,,
Slovak Republic,SVK,ICT goods imports (% total goods imports),TM.VAL.ICTG.ZS.UN,,,,,,,,,,,,,,,,,,,,,,,,,,,,,,,,,,,,,,,,,5.98,6.44,6.63,6.55,6.85,8.34,9.27,13.02,13.62,15.64,15.66,12.95,12.91,14.4,14.57,14.95,14.27,15.14,13.74,13.18,13.19,12.47,10.67,,,
Slovenia,SVN,ICT goods imports (% total goods imports),TM.VAL.ICTG.ZS.UN,,,,,,,,,,,,,,,,,,,,,,,,,,,,,,,,,,,,,,,,,5.53,5.18,5.47,4.76,5.08,4.32,4.32,3.97,4.25,4.73,4.66,3.97,3.57,3.28,3.75,4.05,3.91,3.86,3.67,3.38,3.79,4.16,3.26,,,
Sweden,SWE,ICT goods imports (% total goods imports),TM.VAL.ICTG.ZS.UN,,,,,,,,,,,,,,,,,,,,,,,,,,,,,,,,,,,,,,,,,14.39,12.49,11.45,10.8,11.55,11.14,10.95,9.81,9.13,10.57,11.34,10.67,9.97,9.67,9.89,10.15,9.81,9.25,9.16,8.99,10.13,9.81,8.69,,,
Eswatini,SWZ,ICT goods imports (% total goods imports),TM.VAL.ICTG.ZS.UN,,,,,,,,,,,,,,,,,,,,,,,,,,,,,,,,,,,,,,,,,2.19,2.5,2.76,2.22,2.17,2.2,2.5,3.03,2.31,3.53,2.55,1.84,2.17,2.12,2.13,2.96,2.72,3.07,2.92,2.61,2.33,2.73,,,,
Sint Maarten (Dutch part),SXM,ICT goods imports (% total goods imports),TM.VAL.ICTG.ZS.UN,,,,,,,,,,,,,,,,,,,,,,,,,,,,,,,,,,,,,,,,,,,,,,,,,,,,,,,,,,,,,,,,,,
Seychelles,SYC,ICT goods imports (% total goods imports),TM.VAL.ICTG.ZS.UN,,,,,,,,,,,,,,,,,,,,,,,,,,,,,,,,,,,,,,,,,2.51,1.82,2.97,2.51,3.2,2.94,3.91,2.72,2.31,2.76,2.38,2.29,2.29,2.88,2.2,3.3,2.06,0.91,1.86,2.33,1.82,2.02,,,,
Syrian Arab Republic,SYR,ICT goods imports (% total goods imports),TM.VAL.ICTG.ZS.UN,,,,,,,,,,,,,,,,,,,,,,,,,,,,,,,,,,,,,,,,,,0.99,1.54,1.77,2.75,3.29,2,1.57,1.06,1.49,2.22,,,,,,,,,,,,,,,
Turks and Caicos Islands,TCA,ICT goods imports (% total goods imports),TM.VAL.ICTG.ZS.UN,,,,,,,,,,,,,,,,,,,,,,,,,,,,,,,,,,,,,,,,,,,,,,,,,,,,2.56,2.98,,,,,,,,,,,,,
Chad,TCD,ICT goods imports (% total goods imports),TM.VAL.ICTG.ZS.UN,,,,,,,,,,,,,,,,,,,,,,,,,,,,,,,,,,,,,,,,,,,,,,,,,,,,,,,,,,,,,,,,,,
East Asia & Pacific (IDA & IBRD countries),TEA,ICT goods imports (% total goods imports),TM.VAL.ICTG.ZS.UN,,,,,,,,,,,,,,,,,,,,,,,,,,,,,,,,,,,,,,,,,21.37426639,21.67428522,23.59338339,23.18742747,22.684155,23.43299852,23.81131168,22.56642572,19.23315794,20.55406824,19.12693613,16.50334727,18.0955109,18.87666041,18.35527668,21.36890484,21.7104057,21.07353593,20.94945077,20.79215159,23.38876502,22.2671589,21.79871061,,,
Europe & Central Asia (IDA & IBRD countries),TEC,ICT goods imports (% total goods imports),TM.VAL.ICTG.ZS.UN,,,,,,,,,,,,,,,,,,,,,,,,,,,,,,,,,,,,,,,,,6.987746697,6.443856787,6.361124437,5.935546559,6.16165431,6.544846883,6.709076738,6.298229793,5.776280303,6.415718241,6.832289102,5.652024789,5.992874854,6.067134825,6.46646221,7.106324814,6.973102152,6.815818387,6.640429253,6.519434554,7.355077887,6.981353388,4.869239687,,,
Togo,TGO,ICT goods imports (% total goods imports),TM.VAL.ICTG.ZS.UN,,,,,,,,,,,,,,,,,,,,,,,,,,,,,,,,,,,,,,,,,2.91,3.79,3.1,1.85,1.96,3.89,,4.12,2.27,3.46,3.57,2.75,1.67,1.1,1.69,3.06,3.05,2.64,2.71,3.78,3.06,1.95,2.48,,,
Thailand,THA,ICT goods imports (% total goods imports),TM.VAL.ICTG.ZS.UN,,,,,,,,,,,,,,,,,,,,,,,,,,,,,,,,,,,,,,,,,23.56,22.37,22.29,20.81,18.98,17.37,17.51,16.32,13.02,15.7,14.18,11.92,11.82,11.3,12.62,13.88,14.03,14.04,13.38,13.07,15.01,14.3,,,,
Tajikistan,TJK,ICT goods imports (% total goods imports),TM.VAL.ICTG.ZS.UN,,,,,,,,,,,,,,,,,,,,,,,,,,,,,,,,,,,,,,,,,,,,,,,,,,,,,,,,,1.39,1.11,1.15,1.84,1.19,1.35,,,,
Turkmenistan,TKM,ICT goods imports (% total goods imports),TM.VAL.ICTG.ZS.UN,,,,,,,,,,,,,,,,,,,,,,,,,,,,,,,,,,,,,,,,,5.55,,,,,,,,,,,,,,,,,,,,,,,,,
Latin America & the Caribbean (IDA & IBRD countries),TLA,ICT goods imports (% total goods imports),TM.VAL.ICTG.ZS.UN,,,,,,,,,,,,,,,,,,,,,,,,,,,,,,,,,,,,,,,,,13.43470721,13.3368355,11.78138721,12.08701368,12.94131795,13.04466783,13.48944596,10.87877549,11.59788575,12.92329569,12.89021925,11.65114357,11.33847572,11.61126385,11.33940016,11.44723007,11.41503598,11.12872655,10.84771639,11.23191032,12.3539647,11.01755044,9.4016408,,,
Timor-Leste,TLS,ICT goods imports (% total goods imports),TM.VAL.ICTG.ZS.UN,,,,,,,,,,,,,,,,,,,,,,,,,,,,,,,,,,,,,,,,,,,,,5.6,3.38,,,,,,,,6.36,,,,3.88,,,,,,,,
"Middle East, North Africa, Afghanistan & Pakistan (IDA & IBRD)",TMN,ICT goods imports (% total goods imports),TM.VAL.ICTG.ZS.UN,,,,,,,,,,,,,,,,,,,,,,,,,,,,,,,,,,,,,,,,,,,,5.025271257,5.005150263,5.955055647,5.089953726,5.074864984,4.189006986,3.786748873,3.772805977,3.841390351,3.658909323,4.053175756,3.83791263,4.620316049,4.638273428,4.431753174,4.54856899,,,,,,,
Tonga,TON,ICT goods imports (% total goods imports),TM.VAL.ICTG.ZS.UN,,,,,,,,,,,,,,,,,,,,,,,,,,,,,,,,,,,,,,,,,0.98,3.74,4.28,3.48,5.92,2.84,2.82,3.97,7.66,5.27,6.36,3.89,3.84,6.95,10.22,,,,,,,,,,,
South Asia (IDA & IBRD),TSA,ICT goods imports (% total goods imports),TM.VAL.ICTG.ZS.UN,,,,,,,,,,,,,,,,,,,,,,,,,,,,,,,,,,,,,,,,,5.119955571,5.613432208,6.445536543,7.672249165,7.725102416,7.398475211,7.448104482,7.016455433,4.093125832,7.191309299,5.966683437,5.623375846,5.019262527,5.404155946,6.145365809,7.81893599,9.048369077,9.402661747,9.076381882,9.148653271,10.47395144,9.15711549,7.427760188,,,
Sub-Saharan Africa (IDA & IBRD countries),TSS,ICT goods imports (% total goods imports),TM.VAL.ICTG.ZS.UN,,,,,,,,,,,,,,,,,,,,,,,,,,,,,,,,,,,,,,,,,6.726179578,6.481435485,6.333457614,6.417672158,7.336498664,7.325495548,6.796095292,5.669490699,6.172194787,6.010945959,6.157844957,4.988237784,4.851167894,4.66221149,4.732477416,5.291303464,5.152922434,4.652642546,4.432304018,4.68800879,4.805865151,4.636637187,,,,
Trinidad and Tobago,TTO,ICT goods imports (% total goods imports),TM.VAL.ICTG.ZS.UN,,,,,,,,,,,,,,,,,,,,,,,,,,,,,,,,,,,,,,,,,3.59,3.65,4.14,3.38,3.59,4.03,5.3,2.66,2.44,3.05,3.07,2.44,2.28,2.04,2.38,4.35,2.72,3.17,2.31,2.63,3.14,2.98,,,,
Tunisia,TUN,ICT goods imports (% total goods imports),TM.VAL.ICTG.ZS.UN,,,,,,,,,,,,,,,,,,,,,,,,,,,,,,,,,,,,,,,,,3.69,3.91,3.8,5.05,5.09,4.57,5.57,4.32,4.37,5.97,6.31,6.63,5.79,4.96,4.73,5.6,6.21,5.34,5.27,5.47,6.22,5.22,,,,
Turkiye,TUR,ICT goods imports (% total goods imports),TM.VAL.ICTG.ZS.UN,,,,,,,,,,,,,,,,,,,,,,,,,,,,,,,,,,,,,,,,,10.15,6.84,6.37,6.1,6.4,6.12,5.54,5.03,3.91,5.02,4.47,3.83,4.18,4.63,5.19,5.76,6.22,5.68,4.09,4.06,4.57,4.1,2.97,,,
Tuvalu,TUV,ICT goods imports (% total goods imports),TM.VAL.ICTG.ZS.UN,,,,,,,,,,,,,,,,,,,,,,,,,,,,,,,,,,,,,,,,,,1.46,1.85,,4.64,6.11,1.39,,2.07,,,,,,,,,,,,,,,,,
Tanzania,TZA,ICT goods imports (% total goods imports),TM.VAL.ICTG.ZS.UN,,,,,,,,,,,,,,,,,,,,,,,,,,,,,,,,,,,,,,,,,5.58,6.92,5.6,5.47,4.75,5.83,5.9,5.81,5.01,4.98,3.77,3.66,3.63,3.44,3.08,3.88,4.23,3.87,3.12,3.21,3.85,3.26,2.42,,,
Uganda,UGA,ICT goods imports (% total goods imports),TM.VAL.ICTG.ZS.UN,,,,,,,,,,,,,,,,,,,,,,,,,,,,,,,,,,,,,,,,,5.46,8.27,6.06,6.44,7.13,7.54,7.48,9.18,8.94,7.49,7.42,7.82,6.63,5.39,4.26,5.24,4.21,4.07,4.01,3.48,3.06,,,,,
Ukraine,UKR,ICT goods imports (% total goods imports),TM.VAL.ICTG.ZS.UN,,,,,,,,,,,,,,,,,,,,,,,,,,,,,,,,,,,,,,,,,2.5,2.23,2.59,2.79,3.23,4.01,3.19,2.28,1.9,2.19,3.19,2.59,3.77,3.79,3.56,4.01,4.88,5.13,5.8,6.59,5.95,5.36,4.73,,,
Upper middle income,UMC,ICT goods imports (% total goods imports),TM.VAL.ICTG.ZS.UN,,,,,,,,,,,,,,,,,,,,,,,,,,,,,,,,,,,,,,,,,17.97222805,17.98561377,18.50928945,18.52300915,18.38040672,18.91612507,19.13203001,17.73038482,15.66834795,16.97583258,15.98397705,14.18312217,14.83232733,15.25715021,14.67784133,16.80183694,17.01588417,16.43869306,16.38851818,16.45565472,18.339965,17.32453469,16.28175035,,,
Uruguay,URY,ICT goods imports (% total goods imports),TM.VAL.ICTG.ZS.UN,,,,,,,,,,,,,,,,,,,,,,,,,,,,,,,,,,,,,,,,,6.7,5.98,4.55,4.05,4.54,6.28,5.89,6.01,5.77,6.36,5.64,5.26,5.62,6.09,6.95,6.48,7.12,8,6.79,6.68,6.67,5.73,5.32,,,
United States,USA,ICT goods imports (% total goods imports),TM.VAL.ICTG.ZS.UN,,,,,,,,,,,,,,,,,,,,,,,,,,,,,,,,,,,,,,,,,17.66,15.26,14.84,14.08,14.17,13.64,13.46,12.8,11.84,14.4,14.22,12.84,12.81,12.96,12.86,13.78,14.06,14.28,13.6,12.93,14.44,14,12.98,,,
Uzbekistan,UZB,ICT goods imports (% total goods imports),TM.VAL.ICTG.ZS.UN,,,,,,,,,,,,,,,,,,,,,,,,,,,,,,,,,,,,,,,,,,,,,,,,,,,,,,,,,,2.6,2.05,3.02,3.98,4.2,4.07,,,
St. Vincent and the Grenadines,VCT,ICT goods imports (% total goods imports),TM.VAL.ICTG.ZS.UN,,,,,,,,,,,,,,,,,,,,,,,,,,,,,,,,,,,,,,,,,5.11,4.54,6.76,8.43,5.12,6.41,4.26,5.73,3.7,3.56,3.67,3.57,3.3,3.93,5.76,4.43,4,3.6,4.44,4.22,5.18,4.14,,,,
"Venezuela, RB",VEN,ICT goods imports (% total goods imports),TM.VAL.ICTG.ZS.UN,,,,,,,,,,,,,,,,,,,,,,,,,,,,,,,,,,,,,,,,,8.26,7.24,6.22,5.87,8.67,11.9,11.28,10.38,10.14,8.22,7.57,6.17,6.14,4.19,,,,,,,,,,,,
British Virgin Islands,VGB,ICT goods imports (% total goods imports),TM.VAL.ICTG.ZS.UN,,,,,,,,,,,,,,,,,,,,,,,,,,,,,,,,,,,,,,,,,,,,,,,,,,,,,,,,,,,,,,,,,,
Virgin Islands (U.S.),VIR,ICT goods imports (% total goods imports),TM.VAL.ICTG.ZS.UN,,,,,,,,,,,,,,,,,,,,,,,,,,,,,,,,,,,,,,,,,,,,,,,,,,,,,,,,,,,,,,,,,,
Viet Nam,VNM,ICT goods imports (% total goods imports),TM.VAL.ICTG.ZS.UN,,,,,,,,,,,,,,,,,,,,,,,,,,,,,,,,,,,,,,,,,4.4,4.08,3.97,4.61,5.56,6.12,6.5,7.01,6.38,8.62,8.4,10.17,16.18,19.93,19.14,21.13,22.59,25.01,23.81,25.65,30.63,29.42,,,,
Vanuatu,VUT,ICT goods imports (% total goods imports),TM.VAL.ICTG.ZS.UN,,,,,,,,,,,,,,,,,,,,,,,,,,,,,,,,,,,,,,,,,,,,,,,5.43,2.8,,6.44,5.41,3.12,,,,,,,,,,,,,,
World,WLD,ICT goods imports (% total goods imports),TM.VAL.ICTG.ZS.UN,,,,,,,,,,,,,,,,,,,,,,,,,,,,,,,,,,,,,,,,,15.52611033,14.73368701,14.55281913,14.36209048,14.50561145,13.88302494,13.84850843,12.98753195,11.79932432,12.93677009,12.95974782,11.53455156,11.54421158,11.5023588,11.69851591,12.96471934,13.20133187,13.36105113,13.11053928,13.1525687,14.6237328,14.11911782,12.75733782,,,
Samoa,WSM,ICT goods imports (% total goods imports),TM.VAL.ICTG.ZS.UN,,,,,,,,,,,,,,,,,,,,,,,,,,,,,,,,,,,,,,,,,,3.01,3.48,3.67,2.37,2.04,7.43,3.48,2.63,1.29,2.37,2.76,2.74,2.71,3.76,3.68,4.62,3.38,3.61,4.1,,3.19,,,,
Kosovo,XKX,ICT goods imports (% total goods imports),TM.VAL.ICTG.ZS.UN,,,,,,,,,,,,,,,,,,,,,,,,,,,,,,,,,,,,,,,,,,,,,,,,,,,,,,,,,,,,,,,,,,
"Yemen, Rep.",YEM,ICT goods imports (% total goods imports),TM.VAL.ICTG.ZS.UN,,,,,,,,,,,,,,,,,,,,,,,,,,,,,,,,,,,,,,,,,,,,,4.16,2.09,1.99,2.89,1.17,1.98,1.34,0.99,1.03,1.16,1.33,1.13,,,1.82,2.34,,,,,,
South Africa,ZAF,ICT goods imports (% total goods imports),TM.VAL.ICTG.ZS.UN,,,,,,,,,,,,,,,,,,,,,,,,,,,,,,,,,,,,,,,,,12.29,11.35,10.9,10.07,10.73,11.09,10.1,8.76,7.82,8.68,9.25,8.19,7.47,8.18,7.83,8.93,8.61,8.11,7.91,8.01,8.18,7.88,6.76,,,
Zambia,ZMB,ICT goods imports (% total goods imports),TM.VAL.ICTG.ZS.UN,,,,,,,,,,,,,,,,,,,,,,,,,,,,,,,,,,,,,,,,,6.41,4.94,3.29,4.24,3.28,4.72,4.46,3.09,2.83,2.95,2.35,2.97,2.29,2.14,2.38,2.78,5.94,3.09,4.36,2.99,3.52,2.49,,,,
Zimbabwe,ZWE,ICT goods imports (% total goods imports),TM.VAL.ICTG.ZS.UN,,,,,,,,,,,,,,,,,,,,,,,,,,,,,,,,,,,,,,,,,6.59,4.4,3.33,3.97,5.06,4.3,2.91,1.5,2.66,2.45,5.78,2.83,3.49,3.7,3.88,4.84,3.65,4.64,2.75,2.26,2.4,2.15,2.3,,,
